# Собрано scripts/build-bible-geography.mjs: стихи «Библейской географии» из KJV (1769), Эльберфельдера (1905) и Рейна-Валера (1909). Не править руками.
И остановился ковчег в седьмом месяце, в семнадцатый день месяца, на горах Араратских.	And the ark rested in the seventh month, on the seventeenth day of the month, upon the mountains of Ararat.	Und im siebten Monat, am siebzehnten Tage des Monats, ruhte die Arche auf dem Gebirge Ararat.	Y reposó el arca en el mes séptimo, á diecisiete días del mes, sobre los montes de Armenia.
Быт 8:4	Gen 8:4	1. Mose 8:4	Gén. 8:4
И взял Фарра Аврама, сына своего, и Лота, сына Аранова, внука своего, и Сару, невестку свою, жену Аврама, сына своего, и вышел с ними из Ура Халдейского, чтобы идти в землю Ханаанскую; но, дойдя до Харрана, они остановились там.	And Terah took Abram his son, and Lot the son of Haran his son’s son, and Sarai his daughter in law, his son Abram’s wife; and they went forth with them from Ur of the Chaldees, to go into the land of Canaan; and they came unto Haran, and dwelt there.	Und Tarah nahm seinen Sohn Abram und Lot, den Sohn Harans, seines Sohnes Sohn, und Sarai, seine Schwiegertochter, das Weib seines Sohnes Abram; und sie zogen miteinander aus Ur in Chaldäa, um in das Land Kanaan zu gehen; und sie kamen bis Haran und wohnten daselbst.	Y tomó Thare á Abram su hijo, y á Lot hijo de Harán, hijo de su hijo, y á Sarai su nuera, mujer de Abram su hijo: y salió con ellos de Ur de los Caldeos, para ir á la tierra de Canaán: y vinieron hasta Harán, y asentaron allí.
Быт 11:31	Gen 11:31	1. Mose 11:31	Gén. 11:31
И пошел Аврам, как сказал ему Господь; и с ним пошел Лот. Аврам был семидесяти пяти лет, когда вышел из Харрана.	So Abram departed, as the Lord had spoken unto him; and Lot went with him: and Abram was seventy and five years old when he departed out of Haran.	Und Abram ging hin, wie Jehova zu ihm geredet hatte, und Lot ging mit ihm; und Abram war fünfundsiebzig Jahre alt, als er aus Haran zog.	Y fuése Abram, como Jehová le dijo; y fué con él Lot: y era Abram de edad de setenta y cinco años cuando salió de Harán.
Быт 12:4	Gen 12:4	1. Mose 12:4	Gén. 12:4
И прошел Аврам по земле сей по длине ее до места Сихема, до дубравы Море. В этой земле тогда жили Хананеи.	And Abram passed through the land unto the place of Sichem, unto the plain of Moreh. And the Canaanite was then in the land.	Und Abram durchzog das Land bis zu dem Orte Sichem, bis zur Terebinthe Mores. Und die Kanaaniter waren damals im Lande.	Y pasó Abram por aquella tierra hasta el lugar de Sichêm, hasta el valle de Moreh: y el Cananeo estaba entonces en la tierra.
Быт 12:6	Gen 12:6	1. Mose 12:6	Gén. 12:6
Оттуда двинулся он к горе, на восток от Вефиля; и поставил шатер свой так, что от него Вефиль был на запад, а Гай на восток; и создал там жертвенник Господу и призвал имя Господа явившегося ему.	And he removed from thence unto a mountain on the east of Beth-el, and pitched his tent, having Beth-el on the west, and Hai on the east: and there he builded an altar unto the Lord, and called upon the name of the Lord.	Und er brach auf von dannen nach dem Gebirge ostwärts von Bethel und schlug sein Zelt auf, Bethel gegen Westen und Ai gegen Osten; und er baute daselbst Jehova einen Altar und rief den Namen Jehovas an.	Y pasóse de allí á un monte al oriente de Bethel, y tendió su tienda, teniendo á Bethel al occidente y Hai al oriente: y edificó allí altar á Jehová, é invocó el nombre de Jehová.
Быт 12:8	Gen 12:8	1. Mose 12:8	Gén. 12:8
И был голод в той земле. И сошел Аврам в Египет, пожить там, потому что усилился голод в земле той.	And there was a famine in the land: and Abram went down into Egypt to sojourn there; for the famine was grievous in the land.	Es entstand aber eine Hungersnot im Lande; und Abram zog nach Ägypten hinab, um sich daselbst aufzuhalten, denn die Hungersnot war schwer im Lande.	Y hubo hambre en la tierra, y descendió Abram á Egipto para peregrinar allá; porque era grande el hambre en la tierra.
Быт 12:10	Gen 12:10	1. Mose 12:10	Gén. 12:10
И двинул Аврам шатер, и пошел, и поселился у дубравы Мамре, что в Хевроне; и создал там жертвенник Господу.	Then Abram removed his tent, and came and dwelt in the plain of Mamre, which is in Hebron, and built there an altar unto the Lord.	Und Abram schlug Zelte auf, und kam und wohnte unter den Terebinthen Mamres, die bei Hebron sind; und er baute daselbst Jehova einen Altar.	Abram, pues, removiendo su tienda, vino y moró en el alcornocal de Mamre, que es en Hebrón, y edificó allí altar á Jehová.
Быт 13:18	Gen 13:18	1. Mose 13:18	Gén. 13:18
Авраам поднялся оттуда к югу и поселился между Кадесом и между Суром; и был на время в Гераре.	AND Abraham journeyed from thence toward the south country, and dwelled between Kadesh and Shur, and sojourned in Gerar.	Und Abraham brach auf von dannen nach dem Lande des Südens und wohnte zwischen Kades und Sur; und er hielt sich auf zu Gerar.	DE allí partió Abraham á la tierra del Mediodía, y asentó entre Cades y Shur, y habitó como forastero en Gerar.
Быт 20:1	Gen 20:1	1. Mose 20:1	Gén. 20:1
Потому и назвал он сие место: Вирсавия, ибо тут оба они клялись	Wherefore he called that place Beer-sheba; because there they sware both of them.	Daher nannte man diesen Ort Beerseba, weil sie beide daselbst geschworen hatten.	Por esto llamó á aquel lugar Beer-seba; porque allí juraron ambos.
Быт 21:31	Gen 21:31	1. Mose 21:31	Gén. 21:31
Бог сказал: возьми сына твоего, единственного твоего, которого ты любишь, Исаака; и пойди в землю Мориа и там принеси его во всесожжение на одной из гор, о которой Я скажу тебе.	And he said, Take now thy son, thine only son Isaac, whom thou lovest, and get thee into the land of Moriah; and offer him there for a burnt offering upon one of the mountains which I will tell thee of.	Und er sprach: Nimm deinen Sohn, deinen einzigen, den du lieb hast, den Isaak, und ziehe hin in das Land Morija, und opfere ihn daselbst als Brandopfer auf einem der Berge, den ich dir sagen werde.	Y dijo: Toma ahora tu hijo, tu único, Isaac, á quien amas, y vete á tierra de Moriah, y ofrécelo allí en holocausto sobre uno de los montes que yo te diré.
Быт 22:2	Gen 22:2	1. Mose 22:2	Gén. 22:2
И взял Аврам с собою Сару, жену свою, Лота, сына брата своего, и все имение, которое они приобрели, и всех людей, которых они имели в Харране; и вышли, чтобы идти в землю Ханаанскую; и пришли в землю Ханаанскую.	And Abram took Sarai his wife, and Lot his brother’s son, and all their substance that they had gathered, and the souls that they had gotten in Haran; and they went forth to go into the land of Canaan; and into the land of Canaan they came.	Und Abram nahm Sarai, sein Weib, und Lot, seines Bruders Sohn, und alle ihre Habe, die sie erworben, und die Seelen, die sie in Haran gewonnen hatten, und sie zogen aus, um in das Land Kanaan zu gehen; und sie kamen in das Land Kanaan.	Y tomó Abram á Sarai su mujer, y á Lot hijo de su hermano, y toda su hacienda que habían ganado, y las almas que habían adquirido en Harán, y salieron para ir á tierra de Canaán; y á tierra de Canaán llegaron.
Быт 12:5	Gen 12:5	1. Mose 12:5	Gén. 12:5
И было, когда пришел Аврам в Египет, Египтяне увидели, что она женщина весьма красивая;	And it came to pass, that, when Abram was come into Egypt, the Egyptians beheld the woman that she was very fair.	Und es geschah, als Abram in Ägypten ankam, da sahen die Ägypter, daß das Weib sehr schön war.	Y aconteció que, como entró Abram en Egipto, los Egipcios vieron la mujer que era hermosa en gran manera.
Быт 12:14	Gen 12:14	1. Mose 12:14	Gén. 12:14
И сказал Авраам о Сарре, жене своей: она сестра моя. Ибо он боялся сказать, что это жена его, чтобы жители города того не убили его за нее. И послал Авимелех, царь Герарский, и взял Сарру.	And Abraham said of Sarah his wife, She is my sister: and Abimelech king of Gerar sent, and took Sarah.	Und Abraham sagte von Sara, seinem Weibe: Sie ist meine Schwester. Da sandte Abimelech, der König von Gerar, und ließ Sara holen.	Y dijo Abraham de Sara su mujer: Mi hermana es. Y Abimelech, rey de Gerar, envió y tomó á Sara.
Быт 20:2	Gen 20:2	1. Mose 20:2	Gén. 20:2
и умерла Сарра в Кириаф-Арбе, который на долине, что ныне Хеврон, в земле Ханаанской. И пришел Авраам рыдать по Сарре и оплакивать ее.	And Sarah died in Kirjath-arba; the same is Hebron in the land of Canaan: and Abraham came to mourn for Sarah, and to weep for her.	Und Sara starb zu Kirjath-Arba, das ist Hebron, im Lande Kanaan. Und Abraham kam, um über Sara zu klagen und sie zu beweinen.	Y murió Sara en Kiriath-arba, que es Hebrón, en la tierra de Canaán: y vino Abraham á hacer el duelo á Sara, y á llorarla.
Быт 23:2	Gen 23:2	1. Mose 23:2	Gén. 23:2
И поднялся Аврам из Египта, сам и жена его, и всё, что у него было, и Лот с ним, на юг.	AND Abram went up out of Egypt, he, and his wife, and all that he had, and Lot with him, into the south.	Und Abram zog herauf aus Ägypten, er und sein Weib und alles, was er hatte, und Lot mit ihm, nach dem Süden.	SUBIÓ, pues, Abram de Egipto hacia el Mediodía, él, y su mujer, con todo lo que tenía, y con él Lot.
Быт 13:1	Gen 13:1	1. Mose 13:1	Gén. 13:1
И продолжал он переходы свои от юга до Вефиля, до места, где прежде был шатер его между Вефилем и между Гаем, до места жертвенника, который он сделал там вначале; и там призвал Аврам имя Господа. И у Лота, который ходил с Аврамом, также был мелкий и крупный скот и шатры.	And he went on his journeys from the south even to Beth-el, unto the place where his tent had been at the beginning, between Beth-el and Hai; Unto the place of the altar, which he had made there at the first: and there Abram called on the name of the Lord. And Lot also, which went with Abram, had flocks, and herds, and tents.	Und er ging auf seinen Zügen vom Süden bis Bethel, bis zu dem Orte, wo im Anfang sein Zelt gewesen war, zwischen Bethel und Ai, zu der Stätte des Altars, den er zuvor daselbst gemacht hatte. Und Abram rief daselbst den Namen Jehovas an. Und auch Lot, der mit Abram zog, hatte Kleinvieh und Rinder und Zelte.	Y volvió por sus jornadas de la parte del Mediodía hacia Bethel, hasta el lugar donde había estado antes su tienda entre Bethel y Hai; Al lugar del altar que había hecho allí antes: é invocó allí Abram el nombre de Jehová. Y asimismo Lot, que andaba con Abram, tenía ovejas, y vacas, y tiendas.
Быт 13:3–5	Gen 13:3–5	1. Mose 13:3–5	Gén. 13:3–5
И пришли те два Ангела в Содом вечером, когда Лот сидел у ворот Содома. Лот увидел, и встал, чтобы встретить их, и поклонился лицем до земли	AND there came two angels to Sodom at even; and Lot sat in the gate of Sodom: and Lot seeing them rose up to meet them; and he bowed himself with his face toward the ground;	Und die beiden Engel kamen am Abend nach Sodom; und Lot saß im Tore Sodoms. Und als Lot sie sah, stand er auf, ihnen entgegen, und beugte sich nieder, mit dem Angesicht zur Erde;	LLEGARON, pues, los dos ángeles á Sodoma á la caída de la tarde: y Lot estaba sentado á la puerta de Sodoma. Y viéndolos Lot, levantóse á recibirlos, é inclinóse hacia el suelo;
Быт 19:1	Gen 19:1	1. Mose 19:1	Gén. 19:1
Солнце взошло над землею, и Лот пришел в Сигор.	The sun was risen upon the earth when Lot entered into Zoar.	Die Sonne ging auf über der Erde, als Lot in Zoar ankam.	El sol salía sobre la tierra, cuando Lot llegó á Zoar.
Быт 19:23	Gen 19:23	1. Mose 19:23	Gén. 19:23
Но Сара, жена Аврамова, не рождала ему. У ней была служанка Египтянка, именем Агарь.	NOW Sarai Abram’s wife bare him no children: and she had an handmaid, an Egyptian, whose name was Hagar.	Und Sarai, Abrams Weib, gebar ihm nicht. Und sie hatte eine ägyptische Magd, und ihr Name war Hagar.	Y SARAI, mujer de Abram, no le paría: y ella tenía una sierva egipcia, que se llamaba Agar.
Быт 16:1	Gen 16:1	1. Mose 16:1	Gén. 16:1
Авраам встал рано утром, и взял хлеба и мех воды, и дал Агари, положив ей на плечи, и отрока, и отпустил ее. Она пошла, и заблудилась в пустыне Вирсавии;	And Abraham rose up early in the morning, and took bread, and a bottle of water, and gave it unto Hagar, putting it on her shoulder, and the child, and sent her away: and she departed, and wandered in the wilderness of Beer-sheba.	Und Abraham stand des Morgens früh auf, und er nahm Brot und einen Schlauch Wasser und gab es der Hagar, indem er es auf ihre Schulter legte; und er gab ihr den Knaben und entließ sie. Und sie ging hin und irrte umher in der Wüste von Beerseba.	Entonces Abraham se levantó muy de mañana, y tomó pan, y un odre de agua, y diólo á Agar, poniéndolo sobre su hombro, y entrególe el muchacho, y despidióla. Y ella partió, y andaba errante por el desierto de Beer-seba.
Быт 21:14	Gen 21:14	1. Mose 21:14	Gén. 21:14
Исаак поселился в Гераре.	And Isaac dwelt in Gerar:	So blieb Isaak in Gerar.	Habitó, pues, Isaac en Gerar.
Быт 26:6	Gen 26:6	1. Mose 26:6	Gén. 26:6
Оттуда перешел он в Вирсавию.	And he went up from thence to Beer-sheba.	Und er zog von dannen hinauf nach Beerseba.	Y de allí subió á Beer-seba.
Быт 26:23	Gen 26:23	1. Mose 26:23	Gén. 26:23
И пришел Иаков к Исааку, отцу своему, ибо он был еще жив, в Мамре, в Кириаф-Арбу, то есть Хеврон в земле Ханаанской, где странствовал Авраам и Исаак.	And Jacob came unto Isaac his father unto Mamre, unto the city of Arbah, which is Hebron, where Abraham and Isaac sojourned.	Und Jakob kam zu seinem Vater Isaak nach Mamre, nach Kirjath-Arba, das ist Hebron, woselbst Abraham und Isaak als Fremdlinge geweilt hatten.	Y vino Jacob á Isaac su padre á Mamre, á la ciudad de Arba, que es Hebrón, donde habitaron Abraham é Isaac.
Быт 35:27	Gen 35:27	1. Mose 35:27	Gén. 35:27
и теперь, сын мой, послушайся слов моих, встань, беги в Месопотамию к Лавану, брату моему, в Харран,	Now therefore, my son, obey my voice; and arise, flee thou to Laban my brother to Haran;	Und nun, mein Sohn, höre auf meine Stimme und mache dich auf, fliehe zu meinem Bruder Laban nach Haran;	Ahora pues, hijo mío, obedece á mi voz; levántate, y húyete á Labán mi hermano, á Harán;
Быт 27:43	Gen 27:43	1. Mose 27:43	Gén. 27:43
Исаак поселился в Гераре. Жители места того спросили о Ревекке жене его, и он сказал: это сестра моя; потому что боялся сказать: жена моя, чтобы не убили меня, думал он, жители места сего за Ревекку, потому что она прекрасна видом.	And Isaac dwelt in Gerar: And the men of the place asked him of his wife; and he said, She is my sister: for he feared to say, She is my wife; lest, said he, the men of the place should kill me for Rebekah; because she was fair to look upon.	So blieb Isaak in Gerar. Und die Männer des Ortes erkundigten sich nach seinem Weibe, und er sprach: Sie ist meine Schwester. Denn er fürchtete sich zu sagen: Mein Weib, indem er dachte: Die Männer des Ortes möchten mich sonst töten wegen Rebekka; denn sie ist schön von Ansehen.	Habitó, pues, Isaac en Gerar. Y los hombres de aquel lugar le preguntaron acerca de su mujer; y él respondió: Es mi hermana; porque tuvo miedo de decir: Es mi mujer; que tal vez, dijo, los hombres del lugar me matarían por causa de Rebeca; porque era de hermoso aspecto.
Быт 26:6–7	Gen 26:6–7	1. Mose 26:6–7	Gén. 26:6–7
Иаков же вышел из Вирсавии и пошел в Харран,	And Jacob went out from Beer-sheba, and went toward Haran.	Und Jakob zog aus von Beerseba und ging nach Haran.	Y salió Jacob de Beer-seba, y fué á Harán;
Быт 28:10	Gen 28:10	1. Mose 28:10	Gén. 28:10
И нарек Иаков имя месту тому: Вефиль, а прежнее имя того города было: Луз.	And he called the name of that place Beth-el: but the name of that city was called Luz at the first.	Und er gab selbigem Orte den Namen Bethel; aber im Anfang war Lus der Name der Stadt.	Y llamó el nombre de aquel lugar Beth-el, bien que Luz era el nombre de la ciudad primero.
Быт 28:19	Gen 28:19	1. Mose 28:19	Gén. 28:19
Иаков сказал им пастухам: братья мои! откуда вы? Они сказали: мы из Харрана.	And Jacob said unto them, My brethren, whence be ye? And they said, Of Haran are we.	Und Jakob sprach zu ihnen: Meine Brüder, woher seid ihr? Und sie sprachen: Wir sind von Haran.	Y díjoles Jacob: Hermanos míos, ¿de dónde sois? Y ellos respondieron: De Harán somos.
Быт 29:4	Gen 29:4	1. Mose 29:4	Gén. 29:4
Иаков, увидев их, сказал: это ополчение Божие. И нарек имя месту тому: Маханаим.	And when Jacob saw them, he said, This is God’s host: and he called the name of that place Mahanaim.	Und Jakob sprach, als er sie sah: Dies ist das Heerlager Gottes. Und er gab jenem Orte den Namen Machanaim.	Y dijo Jacob cuando los vió: El campo de Dios es este: y llamó el nombre de aquel lugar Mahanaim.
Быт 32:2	Gen 32:2	1. Mose 32:2	Gén. 32:2
А Иаков двинулся в Сокхоф, и построил себе дом, и для скота своего сделал шалаши. От сего он нарек имя месту: Сокхоф.	And Jacob journeyed to Succoth, and built him an house, and made booths for his cattle: therefore the name of the place is called Succoth.	Und Jakob brach auf nach Sukkoth und baute sich ein Haus, und seinem Vieh machte er Hütten; darum gab er dem Orte den Namen Sukkoth.	Y Jacob se partió á Succoth, y edificó allí casa para sí, é hizo cabañas para su ganado: por tanto llamó el nombre de aquel lugar Succoth.
Быт 33:17	Gen 33:17	1. Mose 33:17	Gén. 33:17
Иаков, возвратившись из Месопотамии, благополучно пришел в город Сихем, который в земле Ханаанской, и расположился пред городом.	And Jacob came to Shalem, a city of Shechem, which is in the land of Canaan, when he came from Padan-aram; and pitched his tent before the city.	Und Jakob kam wohlbehalten nach der Stadt Sichem, die im Lande Kanaan ist, als er aus Paddan-Aram kam, und lagerte vor der Stadt.	Y vino Jacob sano á la ciudad de Sichêm, que está en la tierra de Canaán, cuando venía de Padan-aram; y acampó delante de la ciudad.
Быт 33:18	Gen 33:18	1. Mose 33:18	Gén. 33:18
И умерла Рахиль, и погребена на дороге в Ефрафу, то есть Вифлеем.	And Rachel died, and was buried in the way to Ephrath, which is Beth-lehem.	Und Rahel starb und wurde begraben an dem Wege nach Ephrath, das ist Bethlehem.	Así murió Rachêl, y fué sepultada en el camino de Ephrata, la cual es Beth-lehem.
Быт 35:19	Gen 35:19	1. Mose 35:19	Gén. 35:19
И жил Израиль в земле Египетской, в земле Гесем, и владели они ею, и плодились, и весьма умножились.	And Israel dwelt in the land of Egypt, in the country of Goshen; and they had possessions therein, and grew, and multiplied exceedingly.	Und Israel wohnte im Lande Ägypten, im Lande Gosen; und sie machten sich darin ansässig und waren fruchtbar und mehrten sich sehr.	Así habitó Israel en la tierra de Egipto, en la tierra de Gosén; y aposesionáronse en ella, y se aumentaron, y multiplicaron en gran manera.
Быт 47:27	Gen 47:27	1. Mose 47:27	Gén. 47:27
Иаков сказал им пастухам: братья мои! откуда вы? Они сказали: мы из Харрана. Он сказал им: знаете ли вы Лавана, сына Нахорова? Они сказали: знаем. Он еще сказал им: здравствует ли он? Они сказали: здравствует; и вот, Рахиль, дочь его, идет с овцами.	And Jacob said unto them, My brethren, whence be ye? And they said, Of Haran are we. And he said unto them, Know ye Laban the son of Nahor? And they said, We know him. And he said unto them, Is he well? And they said, He is well: and, behold, Rachel his daughter cometh with the sheep.	Und Jakob sprach zu ihnen: Meine Brüder, woher seid ihr? Und sie sprachen: Wir sind von Haran. Da sprach er zu ihnen: Kennet ihr Laban, den Sohn Nahors? Und sie sprachen: Wir kennen ihn. Und er sprach zu ihnen: Geht es ihm wohl? Und sie sprachen: Es geht ihm wohl; und siehe, da kommt seine Tochter Rahel mit den Schafen.	Y díjoles Jacob: Hermanos míos, ¿de dónde sois? Y ellos respondieron: De Harán somos. Y él les dijo: ¿Conocéis á Labán, hijo de Nachôr? Y ellos dijeron: Sí, le conocemos. Y él les dijo: ¿Tiene paz? Y ellos dijeron: Paz; y he aquí Rachêl su hija viene con el ganado.
Быт 29:4–6	Gen 29:4–6	1. Mose 29:4–6	Gén. 29:4–6
И отправились из Вефиля. И раскинул он шатер свой за башнею Гадер. И когда еще оставалось некоторое расстояние земли до Ефрафы, Рахиль родила, и роды ее были трудны.	And they journeyed from Beth-el; and there was but a little way to come to Ephrath: and Rachel travailed, and she had hard labour.	Und sie brachen auf von Bethel. Und es war noch eine Strecke Landes, um nach Ephrath zu kommen, da gebar Rahel, und es wurde ihr schwer bei ihrem Gebären.	Y partieron de Beth-el, y había aún como media legua de tierra para llegar á Ephrata, cuando parió Rachêl, y hubo trabajo en su parto.
Быт 35:16	Gen 35:16	1. Mose 35:16	Gén. 35:16
И поселился Исав на горе Сеир, Исав, он же Едом.	Thus dwelt Esau in mount Seir: Esau is Edom.	Und Esau wohnte auf dem Gebirge Seir. Esau, das ist Edom.	Y Esaú habitó en el monte de Seir: Esaú es Edom.
Быт 36:8	Gen 36:8	1. Mose 36:8	Gén. 36:8
И пришел Иаков к Исааку, отцу своему, ибо он был еще жив, в Мамре, в Кириаф-Арбу, то есть Хеврон в земле Ханаанской, где странствовал Авраам и Исаак. … и погребли его Исав и Иаков, сыновья его.	And Jacob came unto Isaac his father unto Mamre, unto the city of Arbah, which is Hebron, where Abraham and Isaac sojourned. And the days of Isaac were an hundred and fourscore years. And Isaac gave up the ghost, and died, and was gathered unto his people, being old and full of days: and his sons Esau and Jacob buried him.	Und Jakob kam zu seinem Vater Isaak nach Mamre, nach Kirjath-Arba, das ist Hebron, woselbst Abraham und Isaak als Fremdlinge geweilt hatten. Und die Tage Isaaks waren hundertachtzig Jahre. Und Isaak verschied und starb und wurde versammelt zu seinen Völkern, alt und der Tage satt. Und Esau und Jakob, seine Söhne, begruben ihn.	Y vino Jacob á Isaac su padre á Mamre, á la ciudad de Arba, que es Hebrón, donde habitaron Abraham é Isaac. Y fueron los días de Isaac ciento ochenta años. Y exhaló Isaac el espíritu, y murió, y fué recogido á sus pueblos, viejo y harto de días; y sepultáronlo Esaú y Jacob sus hijos.
Быт 35:27–29	Gen 35:27–29	1. Mose 35:27–29	Gén. 35:27–29
Израиль сказал ему: пойди, посмотри, здоровы ли братья твои и цел ли скот, и принеси мне ответ. И послал его из долины Хевронской; и он пришел в Сихем.	And he said to him, Go, I pray thee, see whether it be well with thy brethren, and well with the flocks; and bring me word again. So he sent him out of the vale of Hebron, and he came to Shechem.	Und er sprach zu ihm: Gehe doch hin, sieh nach dem Wohlergehen deiner Brüder und nach dem Wohlergehen der Herde und bringe mir Antwort. Und er sandte ihn aus dem Tale von Hebron, und er kam nach Sichem.	Y él le dijo: Ve ahora, mira cómo están tus hermanos y cómo están las ovejas, y tráeme la respuesta. Y enviólo del valle de Hebrón, y llegó á Sichêm.
Быт 37:14	Gen 37:14	1. Mose 37:14	Gén. 37:14
И сказал тот человек: они ушли отсюда, ибо я слышал, как они говорили: пойдем в Дофан. И пошел Иосиф за братьями своими и нашел их в Дофане.	And the man said, They are departed hence; for I heard them say, Let us go to Dothan. And Joseph went after his brethren, and found them in Dothan.	Und der Mann sprach: Sie sind von hier aufgebrochen, denn ich hörte sie sagen: Laßt uns nach Dothan ziehen! Da ging Joseph seinen Brüdern nach und fand sie zu Dothan.	Y aquel hombre respondió: Ya se han ido de aquí; y yo les oí decir: Vamos á Dothán. Entonces José fué tras de sus hermanos, y hallólos en Dothán.
Быт 37:17	Gen 37:17	1. Mose 37:17	Gén. 37:17
Иосиф же отведен был в Египет, и купил его из рук Измаильтян, приведших его туда, Египтянин Потифар, царедворец фараонов, начальник телохранителей.	AND Joseph was brought down to Egypt; and Potiphar, an officer of Pharaoh, captain of the guard, an Egyptian, bought him of the hands of the Ishmeelites, which had brought him down thither.	Und Joseph wurde nach Ägypten hinabgeführt; und Potiphar, ein Kämmerer des Pharao, der Oberste der Leibwache, ein ägyptischer Mann, kaufte ihn aus der Hand der Ismaeliter, die ihn dorthin hinabgeführt hatten.	Y LLEVADO José á Egipto, comprólo Potiphar, eunuco de Faraón, capitán de los de la guardia, varón Egipcio, de mano de los Ismaelitas que lo habían llevado allá.
Быт 39:1	Gen 39:1	1. Mose 39:1	Gén. 39:1
Иосиф запряг колесницу свою и выехал навстречу Израилю, отцу своему, в Гесем, и, увидев его, пал на шею его, и долго плакал на шее его.	And Joseph made ready his chariot, and went up to meet Israel his father, to Goshen, and presented himself unto him; and he fell on his neck, and wept on his neck a good while.	Da spannte Joseph seinen Wagen an und zog hinauf, seinem Vater Israel entgegen nach Gosen; und als er seiner ansichtig wurde, fiel er ihm um den Hals und weinte lange an seinem Halse.	Y José unció su carro y vino á recibir á Israel su padre á Gosén; y se manifestó á él, y echóse sobre su cuello, y lloró sobre su cuello bastante.
Быт 46:29	Gen 46:29	1. Mose 46:29	Gén. 46:29
И вырос младенец, и она привела его к дочери фараоновой, и он был у нее вместо сына, и нарекла имя ему: Моисей, потому что, говорила она, я из воды вынула его.	And the child grew, and she brought him unto Pharaoh’s daughter, and he became her son. And she called his name Moses: and she said, Because I drew him out of the water.	Und als das Kind groß wurde, brachte sie es der Tochter des Pharao, und es wurde ihr zum Sohne; und sie gab ihm den Namen Mose und sprach: denn aus dem Wasser habe ich ihn gezogen.	Y como creció el niño, ella lo trajo á la hija de Faraón, la cual lo prohijó, y púsole por nombre Moisés, diciendo: Porque de las aguas lo saqué.
Исх 2:10	Exod 2:10	2. Mose 2:10	Éx. 2:10
И услышал фараон об этом деле и хотел убить Моисея; но Моисей убежал от фараона и остановился в земле Мадиамской, и придя в землю Мадиамскую сел у колодезя.	Now when Pharaoh heard this thing, he sought to slay Moses. But Moses fled from the face of Pharaoh, and dwelt in the land of Midian: and he sat down by a well.	Und der Pharao hörte diese Sache und suchte Mose zu töten. Und Mose floh vor dem Pharao und weilte im Lande Midian. Und er saß an einem Brunnen.	Y oyendo Faraón este negocio, procuró matar á Moisés: mas Moisés huyó de delante de Faraón, y habitó en la tierra de Madián; y sentóse junto á un pozo.
Исх 2:15	Exod 2:15	2. Mose 2:15	Éx. 2:15
Моисей пас овец у Иофора, тестя своего, священника Мадиамского. Однажды провел он стадо далеко в пустыню и пришел к горе Божией, Хориву.	NOW Moses kept the flock of Jethro his father in law, the priest of Midian: and he led the flock to the backside of the desert, and came to the mountain of God, even to Horeb.	Und Mose weidete die Herde Jethros, seines Schwiegervaters, des Priesters von Midian. Und er trieb die Herde hinter die Wüste und kam an den Berg Gottes, an den Horeb.	Y APACENTANDO Moisés las ovejas de Jethro su suegro, sacerdote de Madián, llevó las ovejas detrás del desierto, y vino á Horeb, monte de Dios.
Исх 3:1	Exod 3:1	2. Mose 3:1	Éx. 3:1
И повел Моисей Израильтян от Чермного моря, и они вступили в пустыню Сур; и шли они три дня по пустыне и не находили воды.	So Moses brought Israel from the Red sea, and they went out into the wilderness of Shur; and they went three days in the wilderness, and found no water.	Und Mose ließ Israel vom Schilfmeer aufbrechen, und sie zogen aus in die Wüste Sur; und sie wanderten drei Tage in der Wüste und fanden kein Wasser.	E hizo Moisés que partiese Israel del mar Bermejo, y salieron al desierto de Shur; y anduvieron tres días por el desierto sin hallar agua.
Исх 15:22	Exod 15:22	2. Mose 15:22	Éx. 15:22
Пришли в Мерру — и не могли пить воды в Мерре, ибо она была горька, почему и наречено тому месту имя: … Мерра. … И возроптал народ на Моисея, говоря: … Моисей возопил к Господу, и Господь показал ему дерево, и он бросил его в воду, и вода сделалась сладкою.	And when they came to Marah, they could not drink of the waters of Marah, for they were bitter: therefore the name of it was called Marah. And the people murmured against Moses, saying, What shall we drink? And he cried unto the Lord; and the Lord shewed him a tree, which when he had cast into the waters, the waters were made sweet: there he made for them a statute and an ordinance, and there he proved them,	Und sie kamen nach Mara; aber sie konnten das Wasser von Mara nicht trinken, denn es war bitter: darum gab man ihm den Namen Mara. Und das Volk murrte wider Mose und sprach: Was sollen wir trinken? Und er schrie zu Jehova, und Jehova wies ihm ein Holz; und er warf es in das Wasser, und das Wasser wurde süß. Dort stellte er ihm Satzung und Recht, und dort versuchte er es;	Y llegaron á Mara, y no pudieron beber las aguas de Mara, porque eran amargas; por eso le pusieron el nombre de Mara. Entonces el pueblo murmuró contra Moisés, y dijo: ¿Qué hemos de beber? Y Moisés clamó á Jehová; y Jehová le mostró un árbol, el cual metídolo que hubo dentro de las aguas, las aguas se endulzaron. Allí les dió estatutos y ordenanzas, y allí los probó;
Исх 15:23–25	Exod 15:23–25	2. Mose 15:23–25	Éx. 15:23–25
И пришли в Елим; там было двенадцать источников воды и семьдесят финиковых дерев, и расположились там станом при водах.	And they came to Elim, where were twelve wells of water, and threescore and ten palm trees: and they encamped there by the waters.	Und sie kamen nach Elim, und daselbst waren zwölf Wasserquellen und siebzig Palmbäume; und sie lagerten sich daselbst an den Wassern.	Y llegaron á Elim, donde había doce fuentes de aguas, y setenta palmas; y asentaron allí junto á las aguas.
Исх 15:27	Exod 15:27	2. Mose 15:27	Éx. 15:27
И двинулось всё общество сынов Израилевых из пустыни Син в путь свой, по повелению Господню, и расположилось станом в Рефидиме, и не было воды пить народу.	AND all the congregation of the children of Israel journeyed from the wilderness of Sin, after their journeys, according to the commandment of the Lord, and pitched in Rephidim: and there was no water for the people to drink.	Und die ganze Gemeinde der Kinder Israel brach auf aus der Wüste Sin, nach ihren Zügen, nach dem Befehl Jehovas; und sie lagerten sich zu Rephidim; und da war kein Wasser zum Trinken für das Volk.	Y TODA la congregación de los hijos de Israel partió del desierto de Sin, por sus jornadas, al mandamiento de Jehová, y asentaron el campo en Rephidim: y no había agua para que el pueblo bebiese.
Исх 17:1	Exod 17:1	2. Mose 17:1	Éx. 17:1
И пришли сыны Израилевы, все общество, в пустыню Син в первый месяц, и остановился народ в Кадесе, и умерла там Мариам и погребена там.	THEN came the children of Israel, even the whole congregation, into the desert of Zin in the first month: and the people abode in Kadesh; and Miriam died there, and was buried there.	Und die Kinder Israel, die ganze Gemeinde, kamen in die Wüste Zin, im ersten Monat; und das Volk blieb zu Kades; und Mirjam starb daselbst und wurde daselbst begraben.	Y LLEGARON los hijos de Israel, toda la congregación, al desierto de Zin, en el mes primero, y asentó el pueblo en Cades; y allí murió María, y fué allí sepultada.
Чис 20:1	Num 20:1	4. Mose 20:1	Núm. 20:1
И сделал Моисей так, как повелел Господь. Пошли они на гору Ор в глазах всего общества,	And Moses did as the Lord commanded: and they went up into mount Hor in the sight of all the congregation.	Und Mose tat, so wie Jehova geboten hatte, und sie stiegen auf den Berg Hor, vor den Augen der ganzen Gemeinde.	Y Moisés hizo como Jehová le mandó: y subieron al monte de Hor á ojos de toda la congregación.
Чис 20:27	Num 20:27	4. Mose 20:27	Núm. 20:27
И взошел Моисей с равнин Моавитских на гору Нево, на вершину Фасги, что против Иерихона, и показал ему Господь всю землю Галаад до самого Дана,	AND Moses went up from the plains of Moab unto the mountain of Nebo, to the top of Pisgah, that is over against Jericho. And the Lord shewed him all the land of Gilead, unto Dan,	Und Mose stieg von den Ebenen Moabs auf den Berg Nebo, den Gipfel des Pisga, der Jericho gegenüber ist. Und Jehova ließ ihn das ganze Land sehen:	Y SUBIÓ Moisés de los campos de Moab al monte de Nebo, á la cumbre de Pisga, que está enfrente de Jericó: y mostróle Jehová toda la tierra de Galaad hasta Dan,
Втор 34:1	Deut 34:1	5. Mose 34:1	Dt. 34:1
И умер там Моисей, раб Господень, в земле Моавитской, по слову Господню;	So Moses the servant of the Lord died there in the land of Moab, according to the word of the Lord.	Und Mose, der Knecht Jehovas, starb daselbst im Lande Moab, nach dem Worte Jehovas.	Y murió allí Moisés siervo de Jehová, en la tierra de Moab, conforme al dicho de Jehová.
Втор 34:5	Deut 34:5	5. Mose 34:5	Dt. 34:5
И Господь сказал Аарону: пойди навстречу Моисею в пустыню. И он пошел, и встретился с ним при горе Божией, и поцеловал его.	And the Lord said to Aaron, Go into the wilderness to meet Moses. And he went, and met him in the mount of God, and kissed him.	Da sprach der Pharao: Wer ist Jehova, auf dessen Stimme ich hören soll, Israel ziehen zu lassen? Ich kenne Jehova nicht, und auch werde ich Israel nicht ziehen lassen.	Y Jehová dijo á Aarón: Ve á recibir á Moisés al desierto. Y él fué, y encontrólo en el monte de Dios, y besóle.
Исх 4:27	Exod 4:27	2. Mose 5:2	Éx. 4:27
И сказал Господь Моисею: скажи Аарону брату твоему: возьми жезл твой в руку твою и простри руку твою на воды Египтян: на реки их, на потоки их, на озера их и на всякое вместилище вод их, — и превратятся в кровь, и будет кровь по всей земле Египетской и в деревянных и в каменных сосудах.	And the Lord spake unto Moses, Say unto Aaron, Take thy rod, and stretch out thine hand upon the waters of Egypt, upon their streams, upon their rivers, and upon their ponds, and upon all their pools of water, that they may become blood; and that there may be blood throughout all the land of Egypt, both in vessels of wood, and in vessels of stone.	Und Jehova sprach zu Mose: Sprich zu Aaron: Nimm deinen Stab und strecke deine Hand aus über die Wasser Ägyptens, über seine Flüsse, über seine Kanäle und über seine Teiche und über alle seine Wassersammlungen, daß sie zu Blut werden; und es wird Blut sein im ganzen Lande Ägypten, sowohl in hölzernen als auch in steinernen Gefäßen.	Y Jehová dijo á Moisés: Di á Aarón: Toma tu vara, y extiende tu mano sobre las aguas de Egipto, sobre sus ríos, sobre sus arroyos y sobre sus estanques, y sobre todos sus depósitos de aguas, para que se conviertan en sangre, y haya sangre por toda la región de Egipto, así en los vasos de madera como en los de piedra.
Исх 7:19	Exod 7:19	2. Mose 7:19	Éx. 7:19
И сделал Моисей так, как повелел Господь. Пошли они на гору Ор в глазах всего общества, и снял Моисей с Аарона одежды его, и облек в них Елеазара, сына его; и умер там Аарон на вершине горы. А Моисей и Елеазар сошли с горы.	And Moses did as the Lord commanded: and they went up into mount Hor in the sight of all the congregation. And Moses stripped Aaron of his garments, and put them upon Eleazar his son; and Aaron died there in the top of the mount: and Moses and Eleazar came down from the mount.	Und Mose tat, so wie Jehova geboten hatte, und sie stiegen auf den Berg Hor, vor den Augen der ganzen Gemeinde. Und Mose zog Aaron seine Kleider aus und legte sie seinem Sohne Eleasar an; und Aaron starb daselbst auf dem Gipfel des Berges; und Mose und Eleasar stiegen von dem Berge herab.	Y Moisés hizo como Jehová le mandó: y subieron al monte de Hor á ojos de toda la congregación. Y Moisés hizo desnudar á Aarón de sus vestidos y vistiólos á Eleazar su hijo: y Aarón murió allí en la cumbre del monte: y Moisés y Eleazar descendieron del monte.
Чис 20:27–28	Num 20:27–28	4. Mose 20:27–28	Núm. 20:27–28
И взяла Мариам пророчица, сестра Ааронова, в руку свою тимпан, и вышли за нею все женщины с тимпанами и ликованием. … И воспела Мариам пред ними: … И повел Моисей Израильтян от Чермного моря, и они вступили в пустыню Сур;	And Miriam the prophetess, the sister of Aaron, took a timbrel in her hand; and all the women went out after her with timbrels and with dances. And Miriam answered them, Sing ye to the Lord, for he hath triumphed gloriously; the horse and his rider hath he thrown into the sea. So Moses brought Israel from the Red sea, and they went out into the wilderness of Shur; and they went three days in the wilderness, and found no water.	Und Mirjam, die Prophetin, Aarons Schwester, nahm das Tamburin in ihre Hand; und alle Weiber zogen aus, hinter ihr her, mit Tamburinen und in Reigen. Und Mirjam antwortete ihnen: Singet Jehova, denn hoch erhaben ist er; das Roß und seinen Reiter hat er ins Meer gestürzt! - Und Mose ließ Israel vom Schilfmeer aufbrechen, und sie zogen aus in die Wüste Sur; und sie wanderten drei Tage in der Wüste und fanden kein Wasser.	Y María la profetisa, hermana de Aarón, tomó un pandero en su mano, y todas las mujeres salieron en pos de ella con panderos y danzas; Y María les respondía: Cantad á Jehová; porque en extremo se ha engrandecido, echando en la mar al caballo, y al que en él subía. E hizo Moisés que partiese Israel del mar Bermejo, y salieron al desierto de Shur; y anduvieron tres días por el desierto sin hallar agua.
Исх 15:20–22	Exod 15:20–22	2. Mose 15:20–22	Éx. 15:20–22
У священника Мадиамского было семь дочерей, которые пасли овец отца своего Иофора. Они пришли, начерпали воды и наполнили корыта, чтобы напоить овец отца своего Иофора.	Now the priest of Midian had seven daughters: and they came and drew water, and filled the troughs to water their father’s flock.	Und der Priester von Midian hatte sieben Töchter; und sie kamen und schöpften und füllten die Tränkrinnen, um die Herde ihres Vaters zu tränken.	Tenía el sacerdote de Madián siete hijas, las cuales vinieron á sacar agua, para llenar las pilas y dar de beber á las ovejas de su padre.
Исх 2:16	Exod 2:16	2. Mose 2:16	Éx. 2:16
И пришли Амаликитяне и воевали с Израильтянами в Рефидиме. … Моисей сказал Иисусу: … И сделал Иисус, как сказал ему Моисей, и пошел сразиться с Амаликитянами;	Then came Amalek, and fought with Israel in Rephidim. And Moses said unto Joshua, Choose us out men, and go out, fight with Amalek: to morrow I will stand on the top of the hill with the rod of God in mine hand. So Joshua did as Moses had said to him, and fought with Amalek: and Moses, Aaron, and Hur went up to the top of the hill.	Und Mose sprach zu Josua: … Und Josua tat, wie Mose ihm gesagt hatte, um wider Amalek zu streiten;	Y vino Amalec, y peleó con Israel en Rephidim. Y dijo Moisés á Josué: Escógenos varones, y sal, pelea con Amalec: mañana yo estaré sobre la cumbre del collado, y la vara de Dios en mi mano. E hizo Josué como le dijo Moisés, peleando con Amalec; y Moisés y Aarón y Hur subieron á la cumbre del collado.
Исх 17:8–10	Exod 17:8–10	2. Mose 17:8–10	Éx. 17:8–10
Тогда Господь сказал Иисусу: в сей день Я начну прославлять тебя пред очами всех сынов Израиля, дабы они узнали, что как Я был с Моисеем, так буду и с тобою; а ты дай повеление священникам, несущим ковчег завета, и скажи: как только войдете в воды Иордана, остановитесь в Иордане.	And the Lord said unto Joshua, This day will I begin to magnify thee in the sight of all Israel, that they may know that, as I was with Moses, so I will be with thee. And thou shalt command the priests that bear the ark of the covenant, saying, When ye are come to the brink of the water of Jordan, ye shall stand still in Jordan.	Und Jehova sprach zu Josua: An diesem Tage will ich beginnen, dich in den Augen von ganz Israel groß zu machen, damit sie wissen, daß, so wie ich mit Mose gewesen bin, ich mit dir sein werde. Und du sollst den Priestern, welche die Lade des Bundes tragen, gebieten und sprechen: Wenn ihr an den Rand des Wassers des Jordan kommet, so bleibet im Jordan stehen.	Entonces Jehová dijo á Josué: Desde aqueste día comenzaré á hacerte grande delante de los ojos de todo Israel, para que entiendan que como fuí con Moisés, así seré contigo. Tú, pues, mandarás á los sacerdotes que llevan el arca del pacto, diciendo: Cuando hubiereis entrado hasta el borde del agua del Jordán, pararéis en el Jordán.
Нав 3:7–8	Josh 3:7–8	Josua 3:7–8	Jos. 3:7–8
И двенадцать камней, которые взяли они из Иордана, Иисус поставил в Галгале	And those twelve stones, which they took out of Jordan, did Joshua pitch in Gilgal.	Und jene zwölf Steine, die sie aus dem Jordan genommen hatten, richtete Josua zu Gilgal auf.	Y Josué erigió en Gilgal las doce piedras que habían traído del Jordán.
Нав 4:20	Josh 4:20	Josua 4:20	Jos. 4:20
Тогда сказал Господь Иисусу: вот, Я предаю в руки твои Иерихон и царя его, и находящихся в нем людей сильных; пойдите вокруг города все способные к войне и обходите город однажды в день; и это делай шесть дней;	NOW Jericho was straitly shut up because of the children of Israel: none went out, and none came in. And the Lord said unto Joshua, See, I have given into thine hand Jericho, and the king thereof, and the mighty men of valour.	Und Jericho hatte seine Tore geschlossen und war verriegelt vor den Kindern Israel; niemand ging aus, und niemand ging ein. Und Jehova sprach zu Josua: Siehe, ich habe Jericho und seinen König und die streitbaren Männer in deine Hand gegeben.	EMPERO Jericó estaba cerrada, bien cerrada, á causa de los hijos de Israel: nadie entraba, ni salía. Mas Jehová dijo á Josué: Mira, yo he entregado en tu mano á Jericó y á su rey, con sus varones de guerra.
Нав 6:1–2	Josh 6:1–2	Josua 6:1–2	Jos. 6:1–2
Господь сказал Иисусу: не бойся и не ужасайся; возьми с собою весь народ, способный к войне, и встав пойди к Гаю; вот, Я предаю в руки твои царя Гайского и народ его, город его и землю его;	AND the Lord said unto Joshua, Fear not, neither be thou dismayed: take all the people of war with thee, and arise, go up to Ai: see, I have given into thy hand the king of Ai, and his people, and his city, and his land:	Und Jehova sprach zu Josua: Fürchte dich nicht und erschrick nicht! Nimm alles Kriegsvolk mit dir und mache dich auf, ziehe hinauf nach Ai. Siehe, ich habe den König von Ai und sein Volk und seine Stadt und sein Land in deine Hand gegeben.	Y JEHOVÁ dijo á Josué: No temas, ni desmayes; toma contigo toda la gente de guerra, y levántate y sube á Hai. Mira, yo he entregado en tu mano al rey de Hai, y á su pueblo, á su ciudad, y á su tierra.
Нав 8:1	Josh 8:1	Josua 8:1	Jos. 8:1
Иисус воззвал к Господу в тот день, в который предал Господь Бог Аморрея в руки Израилю, когда побил их в Гаваоне, и они побиты были пред лицем сынов Израилевых, и сказал пред Израильтянами: стой, солнце, над Гаваоном, и луна, над долиною Аиалонскою!	Then spake Joshua to the Lord in the day when the Lord delivered up the Amorites before the children of Israel, and he said in the sight of Israel, Sun, stand thou still upon Gibeon; and thou, Moon, in the valley of Ajalon.	Damals redete Josua zu Jehova, an dem Tage, da Jehova die Amoriter vor den Kindern Israel dahingab, und sprach vor den Augen Israels: Sonne, stehe still zu Gibeon; und du, Mond, im Tale Ajjalon!	Entonces Josué habló á Jehová el día que Jehová entregó al Amorrheo delante de los hijos de Israel, y dijo en presencia de los Israelitas: Sol, detente en Gabaón; y tú, Luna, en el valle de Ajalón.
Нав 10:12	Josh 10:12	Josua 10:12	Jos. 10:12
Иисус бросил им жребий в Силоме пред Господом, и разделил там Иисус землю сынам Израилевым по участкам их.	And Joshua cast lots for them in Shiloh before the Lord: and there Joshua divided the land unto the children of Israel according to their divisions.	Da warf ihnen Josua das Los zu Silo vor Jehova. Und Josua teilte daselbst das Land den Kindern Israel aus nach ihren Abteilungen.	Y Josué les echó las suertes delante de Jehová en Silo; y allí repartió Josué la tierra á los hijos de Israel por sus porciones.
Нав 18:10	Josh 18:10	Josua 18:10	Jos. 18:10
И собрал Иисус все колена Израилевы в Сихем и призвал старейшин Израиля и начальников его, и судей его и надзирателей его, и предстали пред Господа Бога.	AND Joshua gathered all the tribes of Israel to Shechem, and called for the elders of Israel, and for their heads, and for their judges, and for their officers; and they presented themselves before God.	Und Josua versammelte alle Stämme Israels nach Sichem, und er berief die Ältesten von Israel und seine Häupter und seine Richter und seine Vorsteher; und sie stellten sich vor Gott.	Y JUNTANDO Josué todas las tribus de Israel en Sichêm, llamó á los ancianos de Israel, y á sus príncipes, á sus jueces, y á sus oficiales; y presentáronse delante de Dios.
Нав 24:1	Josh 24:1	Josua 24:1	Jos. 24:1
Сыны Иудины пришли в Галгал к Иисусу. И сказал ему Халев, сын Иефоннии, Кенезеянин: ты знаешь, что говорил Господь Моисею, человеку Божию, о мне и о тебе в Кадес-Варне;	Then the children of Judah came unto Joshua in Gilgal: and Caleb the son of Jephunneh the Kenezite said unto him, Thou knowest the thing that the Lord said unto Moses the man of God concerning me and thee in Kadesh-barnea.	Und die Kinder Juda traten in Gilgal zu Josua; und Kaleb, der Sohn Jephunnes, der Kenisiter, sprach zu ihm: Du kennst das Wort, welches Jehova zu Mose, dem Manne Gottes, meinet-und deinetwegen in Kades-Barnea geredet hat.	Y los hijos de Judá vinieron á Josué en Gilgal; y Caleb, hijo de Jephone Cenezeo, le dijo: Tú sabes lo que Jehová dijo á Moisés, varón de Dios, en Cades-barnea, tocante á mí y á ti.
Нав 14:6	Josh 14:6	Josua 14:6	Jos. 14:6
Иисус благословил его, и дал в удел Халеву, сыну Иефонниину, Кенезеянину, Хеврон.	And Joshua blessed him, and gave unto Caleb the son of Jephunneh Hebron for an inheritance.	Und Josua segnete ihn und gab dem Kaleb, dem Sohne Jephunnes, Hebron zum Erbteil.	Josué entonces le bendijo, y dió á Caleb hijo de Jephone á Hebrón por heredad.
Нав 14:13	Josh 14:13	Josua 14:13	Jos. 14:13
И послал Иисус, сын Навин, из Ситтима двух соглядатаев тайно и сказал: пойдите, осмотрите землю и Иерихон. Два юноши пошли и пришли в Иерихон и вошли в дом блудницы, которой имя Раав, и остались ночевать там.	AND Joshua the son of Nun sent out of Shittim two men to spy secretly, saying, Go view the land, even Jericho. And they went, and came into an harlot’s house, named Rahab, and lodged there.	Und Josua, der Sohn Nuns, sandte von Sittim heimlich zwei Männer als Kundschafter aus und sprach: Gehet, besehet das Land und Jericho. Und sie gingen hin und kamen in das Haus einer Hure, namens Rahab; und sie legten sich daselbst nieder.	Y JOSUÉ, hijo de Nun, envió desde Sittim dos espías secretamente, diciéndoles: Andad, reconoced la tierra, y á Jericó. Los cuales fueron, y entráronse en casa de una mujer ramera que se llamaba Rahab, y posaron allí.
Нав 2:1	Josh 2:1	Josua 2:1	Jos. 2:1
она жила под Пальмою Девориною, между Рамою и Вефилем, на горе Ефремовой; и приходили к ней туда сыны Израилевы на суд.	And she dwelt under the palm tree of Deborah between Ramah and Beth-el in mount Ephraim: and the children of Israel came up to her for judgment.	Und sie wohnte unter der Debora-Palme zwischen Rama und Bethel, auf dem Gebirge Ephraim; und die Kinder Israel gingen zu ihr hinauf zu Gericht.	La cual Débora habitaba debajo de una palma entre Rama y Beth-el, en el monte de Ephraim: y los hijos de Israel subían á ella á juicio.
Суд 4:5	Judg 4:5	Richter 4:5	Jue. 4:5
Девора послала и призвала Варака, сына Авиноамова, из Кедеса Неффалимова, и сказала ему: повелевает тебе Господь Бог Израилев: пойди, взойди на гору Фавор и возьми с собою десять тысяч человек из сынов Неффалимовых и сынов Завулоновых;	And she sent and called Barak the son of Abinoam out of Kedesh-naphtali, and said unto him, Hath not the Lord God of Israel commanded, saying, Go and draw toward mount Tabor, and take with thee ten thousand men of the children of Naphtali and of the children of Zebulun?	Und sie sandte hin und ließ Barak, den Sohn Abinoams, von Kedes-Naphtali, rufen; und sie sprach zu ihm: Hat nicht Jehova, der Gott Israels, geboten: Gehe hin und ziehe auf den Berg Tabor, und nimm mit dir zehntausend Mann von den Kindern Naphtali und von den Kindern Sebulon;	Y ella envió á llamar á Barac hijo de Abinoam, de Cedes de Nephtalí, y díjole: ¿No te ha mandado Jehová Dios de Israel, diciendo: Ve, y haz gente en el monte de Tabor, y toma contigo diez mil hombres de los hijos de Nephtalí, y de los hijos de Zabulón:
Суд 4:6	Judg 4:6	Richter 4:6	Jue. 4:6
И сказала Девора Вараку: встань, ибо это тот день, в который Господь предаст Сисару в руки твои; Сам Господь пойдет пред тобою. И сошел Варак с горы Фавора, и за ним десять тысяч человек.	And Deborah said unto Barak, Up; for this is the day in which the Lord hath delivered Sisera into thine hand: is not the Lord gone out before thee? So Barak went down from mount Tabor, and ten thousand men after him.	Und Debora sprach zu Barak: Mache dich auf! Denn dies ist der Tag, da Jehova den Sisera in deine Hand gegeben hat. Ist nicht Jehova ausgezogen vor dir her? Und Barak stieg von dem Berge Tabor hinab, und zehntausend Mann ihm nach.	Entonces Débora dijo á Barac: Levántate; porque este es el día en que Jehová ha entregado á Sísara en tus manos. ¿No ha salido Jehová delante de ti? Y Barac descendió del monte de Tabor, y diez mil hombres en pos de él.
Суд 4:14	Judg 4:14	Richter 4:14	Jue. 4:14
И пришел Ангел Господень и сел в Офре под дубом, принадлежащим Иоасу, потомку Авиезерову; сын его Гедеон выколачивал тогда пшеницу в точиле, чтобы скрыться от Мадианитян.	And there came an angel of the Lord, and sat under an oak which was in Ophrah, that pertained unto Joash the Abi-ezrite: and his son Gideon threshed wheat by the winepress, to hide it from the Midianites.	Und der Engel Jehovas kam und setzte sich unter die Terebinthe, die zu Ophra war, welches Joas, dem Abieseriter, gehörte. Und Gideon, sein Sohn, schlug eben Weizen aus in der Kelter, um ihn vor Midian zu flüchten.	Y vino el ángel de Jehová, y sentóse debajo del alcornoque que está en Ophra, el cual era de Joas Abiezerita; y su hijo Gedeón estaba sacudiendo el trigo en el lagar, para hacerlo esconder de los Madianitas.
Суд 6:11	Judg 6:11	Richter 6:11	Jue. 6:11
И сказал он жителям Сокхофа: дайте хлеба народу, который идет за мною; они утомились, а я преследую Зевея и Салмана, царей Мадиамских.	And he said unto the men of Succoth, Give, I pray you, loaves of bread unto the people that follow me; for they be faint, and I am pursuing after Zebah and Zalmunna, kings of Midian.	Und er sprach zu den Männern von Sukkoth: Gebet doch dem Volke, das mir nachfolgt, einige Laibe Brot; denn sie sind ermattet, und ich jage den Königen von Midian, Sebach und Zalmunna, nach.	Y dijo á los de Succoth: Yo os ruego que deis á la gente que me sigue algunos bocados de pan; porque están cansados, y yo persigo á Zeba y á Zalmunna, reyes de Madián.
Суд 8:5	Judg 8:5	Richter 8:5	Jue. 8:5
И начал Дух Господень действовать в нем в стане Дановом, между Цорою и Естаолом.	And the Spirit of the Lord began to move him at times in the camp of Dan between Zorah and Eshtaol.	Und der Geist Jehovas fing an, ihn zu treiben zu Machaneh-Dan zwischen Zorha und Eschtaol.	Y el espíritu de Jehová comenzó á manifestarse en él en los campamentos de Dan, entre Sora y Esthaol.
Суд 13:25	Judg 13:25	Richter 13:25	Jue. 13:25
И пошел Самсон в Фимнафу и увидел в Фимнафе женщину из дочерей Филистимских и она понравилась ему.	AND Samson went down to Timnath, and saw a woman in Timnath of the daughters of the Philistines.	Und Simson ging nach Timna hinab; und er sah in Timna ein Weib von den Töchtern der Philister.	Y DESCENDIENDO Samsón á Timnah, vió en Timnah una mujer de las hijas de los Filisteos.
Суд 14:1	Judg 14:1	Richter 14:1	Jue. 14:1
И сошел на него Дух Господень, и пошел он в Аскалон, и, убив там тридцать человек, снял с них одежды, и отдал перемены платья их разгадавшим загадку. И воспылал гнев его, и ушел он в дом отца своего.	And the Spirit of the Lord came upon him, and he went down to Ashkelon, and slew thirty men of them, and took their spoil, and gave change of garments unto them which expounded the riddle. And his anger was kindled, and he went up to his father’s house.	Und der Geist Jehovas geriet über ihn; und er ging hinab nach Askalon und erschlug von ihnen dreißig Mann und nahm ihre ausgezogenen Gewänder und gab die Wechselkleider denen, welche das Rätsel kundgetan hatten. Und sein Zorn entbrannte, und er ging hinauf in das Haus seines Vaters.	Y el espíritu de Jehová cayó sobre él, y descendió á Ascalón, é hirió treinta hombres de ellos; y tomando sus despojos, dió las mudas de vestidos á los que habían explicado el enigma: y encendido en enojo fuése á casa de su padre. Y la mujer de Samsón fué dada á su compañero, con el cual él antes se acompañaba.
Суд 14:19	Judg 14:19	Richter 14:19	Jue. 14:20
А Самсон спал до полуночи; в полночь же встав, схватил двери городских ворот с обоими косяками, поднял их вместе с запором, положил на плечи свои и отнес их на вершину горы, которая на пути к Хеврону, и положил их там.	And Samson lay till midnight, and arose at midnight, and took the doors of the gate of the city, and the two posts, and went away with them, bar and all, and put them upon his shoulders, and carried them up to the top of an hill that is before Hebron.	Und Simson lag bis Mitternacht. Um Mitternacht aber stand er auf und ergriff die Flügel des Stadttores und die beiden Pfosten, und riß sie samt dem Riegel heraus und legte sie auf seine Schultern; und er trug sie auf den Gipfel des Berges, der gegen Hebron hin liegt.	Mas Samsón durmió hasta la media noche; y á la media noche se levantó, y tomando las puertas de la ciudad con sus dos pilares y su cerrojo, echóselas al hombro, y fuése, y subióse con ellas á la cumbre del monte que está delante de Hebrón.
Суд 16:3	Judg 16:3	Richter 16:3	Jue. 16:3
И возвратилась Ноеминь, и с нею сноха ее Руфь Моавитянка, пришедшая с полей Моавитских, и пришли они в Вифлеем в начале жатвы ячменя.	So Naomi returned, and Ruth the Moabitess, her daughter in law, with her, which returned out of the country of Moab: and they came to Beth-lehem in the beginning of barley harvest.	Und so kehrte Noomi zurück, und Ruth, die Moabitin, ihre Schwiegertochter, mit ihr, welche aus den Gefilden Moabs zurückkehrte; und sie kamen nach Bethlehem beim Beginn der Gerstenernte.	Así volvió Noemi y Ruth Moabita su nuera con ella; volvió de los campos de Moab, y llegaron á Beth-lehem en el principio de la siega de las cebadas.
Руф 1:22	Ruth 1:22	Rut 1:22	Rut 1:22
Имя человека того Елимелех, имя жены его Ноеминь, а имена двух сынов его Махлон и Хилеон; они были Ефрафяне из Вифлеема Иудейского. И пришли они на поля Моавитские и остались там.	And the name of the man was Elimelech, and the name of his wife Naomi, and the name of his two sons Mahlon and Chilion, Ephrathites of Beth-lehem-judah. And they came into the country of Moab, and continued there.	Und der Name des Mannes war Elimelech, und der Name seines Weibes Noomi, und die Namen seiner beiden Söhne Machlon und Kiljon, Ephratiter von Bethlehem-Juda. Und sie kamen in die Gefilde Moabs und blieben daselbst.	El nombre de aquel varón era Elimelech, y el de su mujer Noemi; y los nombres de sus dos hijos eran, Mahalón y Chelión, Ephrateos de Beth-lehem de Judá. Llegaron pues á los campos de Moab, y asentaron allí.
Руф 1:2	Ruth 1:2	Rut 1:2	Rut 1:2
И вот, Вооз пришел из Вифлеема и сказал жнецам: Господь с вами! Они сказали ему: да благословит тебя Господь!	And, behold, Boaz came from Beth-lehem, and said unto the reapers, The Lord be with you. And they answered him, The Lord bless thee.	Und siehe, Boas kam von Bethlehem und sprach zu den Schnittern: Jehova sei mit euch! Und sie sprachen zu ihm: Jehova segne dich!	Y he aquí que Booz vino de Beth-lehem, y dijo á los segadores: Jehová sea con vosotros. Y ellos respondieron: Jehová te bendiga.
Руф 2:4	Ruth 2:4	Rut 2:4	Rut 2:4
Когда же вскормила его, пошла с ним в Силом, взяв три тельца и хлебы и одну ефу муки и мех вина, и пришла в дом Господа в Силом, и отрок с ними; отрок же был еще дитя.	And when she had weaned him, she took him up with her, with three bullocks, and one ephah of flour, and a bottle of wine, and brought him unto the house of the Lord in Shiloh: and the child was young.	Und sobald sie ihn entwöhnt hatte, brachte sie ihn mit sich hinauf nebst drei Farren und einem Epha Mehl und einem Schlauch Wein, und brachte ihn in das Haus Jehovas nach Silo; und der Knabe war noch jung.	Y después que lo hubo destetado, llevólo consigo, con tres becerros, y un epha de harina, y una vasija de vino, y trájolo á la casa de Jehová en Silo: y el niño era pequeño.
1 Цар 1:24	1 Sam 1:24	1. Samuel 1:24	1 S. 1:24
И встали они поутру, и поклонились пред Господом, и возвратились, и пришли в дом свой в Раму. И познал Елкана Анну, жену свою, и вспомнил о ней Господь.	And they rose up in the morning early, and worshipped before the Lord, and returned, and came to their house to Ramah: and Elkanah knew Hannah his wife; and the Lord remembered her.	Und sie machten sich des Morgens früh auf und beteten an vor Jehova; und sie kehrten zurück und kamen in ihr Haus nach Rama. Und Elkana erkannte Hanna, sein Weib, und Jehova gedachte ihrer.	Y levantándose de mañana, adoraron delante de Jehová, y volviéronse, y vinieron á su casa en Ramatha. Y Elcana conoció á Anna su mujer, y Jehová se acordó de ella.
1 Цар 1:19	1 Sam 1:19	1. Samuel 1:19	1 S. 1:19
И ходил этот человек из города своего в положенные дни поклоняться и приносить жертву Господу Саваофу в Силом; там были Илий и два сына его, Офни и Финеес, священниками Господа.	And this man went up out of his city yearly to worship and to sacrifice unto the Lord of hosts in Shiloh. And the two sons of Eli, Hophni and Phinehas, the priests of the Lord, were there.	Und dieser Mann ging von Jahr zu Jahr aus seiner Stadt hinauf, um Jehova der Heerscharen anzubeten und ihm zu opfern zu Silo; und daselbst waren die beiden Söhne Elis, Hophni und Pinehas, Priester Jehovas.	Y subía aquel varón todos los años de su ciudad, á adorar y sacrificar á Jehová de los ejércitos en Silo, donde estaban dos hijos de Eli, Ophni y Phinees, sacerdotes de Jehová.
1 Цар 1:3	1 Sam 1:3	1. Samuel 1:3	1 S. 1:3
И продолжал Господь являться в Силоме после того, как открыл Себя Самуилу в Силоме чрез слово Господне. И уверились во всем Израиле, от конца до конца земли, что Самуил есть пророк Господень. Илий же сделался очень стар, а сыновья его продолжали ходить беззаконным путем своим пред Господом.	And the Lord appeared again in Shiloh: for the Lord revealed himself to Samuel in Shiloh by the word of the Lord.	Und Jehova fuhr fort in Silo zu erscheinen; denn Jehova offenbarte sich dem Samuel in Silo durch das Wort Jehovas. Und das Wort Samuels erging an ganz Israel.	Así tornó Jehová á aparecer en Silo: porque Jehová se manifestó á Samuel en Silo con palabra de Jehová.
1 Цар 3:21	1 Sam 3:21	1. Samuel 3:21	1 S. 3:21
И сказал Самуил: соберите всех Израильтян в Массифу и я помолюсь о вас Господу.	And Samuel said, Gather all Israel to Mizpeh, and I will pray for you unto the Lord.	Und Samuel sprach: Versammelt ganz Israel nach Mizpa, und ich will Jehova für euch bitten.	Y Samuel dijo: Juntad á todo Israel en Mizpa, y yo oraré por vosotros á Jehová.
1 Цар 7:5	1 Sam 7:5	1. Samuel 7:5	1 S. 7:5
из года в год он ходил и обходил Вефиль, и Галгал и Массифу и судил Израиля во всех сих местах;	And he went from year to year in circuit to Beth-el, and Gilgal, and Mizpeh, and judged Israel in all those places.	Und er ging Jahr für Jahr und zog umher nach Bethel und Gilgal und Mizpa und richtete Israel an allen diesen Orten;	Y todos los años iba y daba vuelta á Beth-el, y á Gilgal, y á Mizpa, y juzgaba á Israel en todos estos lugares.
1 Цар 7:16	1 Sam 7:16	1. Samuel 7:16	1 S. 7:16
потом возвращался в Раму; ибо там был дом его, и там судил он Израиля, и построил там жертвенник Господу.	And his return was to Ramah; for there was his house; and there he judged Israel; and there he built an altar unto the Lord.	und er kehrte nach Rama zurück, denn dort war sein Haus, und dort richtete er Israel. Und er baute daselbst Jehova einen Altar.	Volvíase después á Rama, porque allí estaba su casa, y allí juzgaba á Israel; y edificó allí altar á Jehová.
1 Цар 7:17	1 Sam 7:17	1. Samuel 7:17	1 S. 7:17
И сделал Самуил так, как сказал ему Господь. Когда пришел он в Вифлеем, то старейшины города с трепетом вышли навстречу ему и сказали: мирен ли приход твой?	And Samuel did that which the Lord spake, and came to Beth-lehem. And the elders of the town trembled at his coming, and said, Comest thou peaceably?	Und Samuel tat, was Jehova geredet hatte, und kam nach Bethlehem. Da kamen die Ältesten der Stadt ihm ängstlich entgegen und sprachen: Bedeutet dein Kommen Friede?	Hizo pues Samuel como le dijo Jehová: y luego que él llegó á Beth-lehem, los ancianos de la ciudad le salieron á recibir con miedo, y dijeron: ¿Es pacífica tu venida?
1 Цар 16:4	1 Sam 16:4	1. Samuel 16:4	1 S. 16:4
И созвал Самуил народ к Господу в Массифу	And Samuel called the people together unto the Lord to Mizpeh;	Und Samuel berief das Volk zu Jehova nach Mizpa.	Y Samuel convocó el pueblo á Jehová en Mizpa;
1 Цар 10:17	1 Sam 10:17	1. Samuel 10:17	1 S. 10:17
Также и Саул пошел в дом свой, в Гиву; и пошли с ним храбрые, которых сердца коснулся Бог.	And Saul also went home to Gibeah; and there went with him a band of men, whose hearts God had touched.	Und auch Saul ging nach seinem Hause, nach Gibea; und mit ihm zog die Schar, deren Herz Gott gerührt hatte.	Y envió Samuel á todo el pueblo cada uno á su casa. Y Saúl también se fué á su casa en Gabaa, y fueron con él el ejército, el corazón de los cuales Dios había tocado.
1 Цар 10:26	1 Sam 10:26	1. Samuel 10:26	1 S. 10:26
И пошел весь народ в Галгал, и поставили там Саула царем пред Господом в Галгале, и принесли там мирные жертвы пред Господом. И весьма веселились там Саул и все Израильтяне.	And all the people went to Gilgal; and there they made Saul king before the Lord in Gilgal; and there they sacrificed sacrifices of peace offerings before the Lord; and there Saul and all the men of Israel rejoiced greatly.	Und das ganze Volk zog nach Gilgal, und sie machten daselbst Saul zum König vor Jehova, zu Gilgal; und sie schlachteten daselbst Friedensopfer vor Jehova. Und Saul und alle Männer von Israel freuten sich daselbst gar sehr.	Y fué todo el pueblo á Gilgal, é invistieron allí á Saúl por rey delante de Jehová en Gilgal. Y sacrificaron allí víctimas pacíficas delante de Jehová; y alegráronse mucho allí Saúl y todos los de Israel.
1 Цар 11:15	1 Sam 11:15	1. Samuel 11:15	1 S. 11:15
две тысячи были с Саулом в Михмасе и на горе Вефильской, тысяча же была с Ионафаном в Гиве Вениаминовой; а прочий народ отпустил он по домам своим.	Saul chose him three thousand men of Israel; whereof two thousand were with Saul in Michmash and in mount Beth-el, and a thousand were with Jonathan in Gibeah of Benjamin: and the rest of the people he sent every man to his tent.	Und Saul wählte sich dreitausend aus Israel; zweitausend waren bei Saul zu Mikmas und auf dem Gebirge von Bethel, und tausend waren bei Jonathan zu Gibea-Benjamin. Das übrige Volk aber entließ er, einen jeden nach seinen Zelten.	Escogióse luego tres mil de Israel: los dos mil estuvieron con Saúl en Michmas y en el monte de Beth-el, y los mil estuvieron con Jonathán en Gabaa de Benjamín; y envió á todo el otro pueblo cada uno á sus tiendas.
1 Цар 13:2	1 Sam 13:2	1. Samuel 13:2	1 S. 13:2
Тогда Саул сказал слугам своим: сыщите мне женщину волшебницу, и я пойду к ней и спрошу ее. И отвечали ему слуги его: здесь в Аэндоре есть женщина волшебница.	Then said Saul unto his servants, Seek me a woman that hath a familiar spirit, that I may go to her, and inquire of her. And his servants said to him, Behold, there is a woman that hath a familiar spirit at En-dor.	Da sprach Saul zu seinen Knechten: Suchet mir ein Weib, das einen Totenbeschwörergeist hat, damit ich zu ihr gehe und sie befrage. Und seine Knechte sprachen zu ihm: Siehe, zu Endor ist ein Weib, das einen Totenbeschwörergeist hat.	Entonces Saúl dijo á sus criados: Buscadme una mujer que tenga espíritu de pythón, para que yo vaya á ella, y por medio de ella pregunte. Y sus criados le respondieron: He aquí hay una mujer en Endor que tiene espíritu de pythón.
1 Цар 28:7	1 Sam 28:7	1. Samuel 28:7	1 S. 28:7
На другой день Филистимляне пришли грабить убитых, и нашли Саула и трех сыновей его, павших на горе Гелвуйской.	And it came to pass on the morrow, when the Philistines came to strip the slain, that they found Saul and his three sons fallen in mount Gilboa.	Und es geschah am folgenden Tage, da kamen die Philister, um die Erschlagenen auszuziehen; und sie fanden Saul und seine drei Söhne auf dem Gebirge Gilboa liegen.	Y aconteció el siguiente día, que viniendo los Filisteos á despojar los muertos, hallaron á Saúl y á sus tres hijos tendidos en el monte de Gilboa;
1 Цар 31:8	1 Sam 31:8	1. Samuel 31:8	1 S. 31:8
Между переходами, по которым Ионафан искал пробраться к отряду Филистимскому, была острая скала с одной стороны и острая скала с другой: имя одной Боцец, а имя другой Сене; одна скала выдавалась с севера к Михмасу, другая с юга к Гиве.	And between the passages, by which Jonathan sought to go over unto the Philistines’ garrison, there was a sharp rock on the one side, and a sharp rock on the other side: and the name of the one was Bozez, and the name of the other Seneh. The forefront of the one was situate northward over against Michmash, and the other southward over against Gibeah.	Und Samuel sprach zu Saul: Jehova hat mich gesandt, um dich zum König zu salben über sein Volk, über Israel. So höre nun auf die Stimme der Worte Jehovas. So spricht Jehova der Heerscharen: Ich habe angesehen, was Amalek Israel getan, wie er sich ihm in den Weg gestellt hat, als es aus Ägypten heraufzog.	Y entre los pasos por donde Jonathán procuraba pasar á la guarnición de los Filisteos, había un peñasco agudo de la una parte, y otro de la otra parte; el uno se llamaba Boses y el otro Sene: El un peñasco situado al norte hacia Michmas, y el otro al mediodía hacia Gabaa.
1 Цар 14:4–5	1 Sam 14:4–5	1. Samuel 15:1–2	1 S. 14:4–5
Филистимляне же воевали с Израильтянами, и побежали мужи Израильские от Филистимлян и пали пораженные на горе Гелвуе. И догнали Филистимляне Саула и сыновей его, и убили Филистимляне Ионафана, и Аминадава, и Малхисуа, сыновей Саула.	NOW the Philistines fought against Israel: and the men of Israel fled from before the Philistines, and fell down slain in mount Gilboa. And the Philistines followed hard upon Saul and upon his sons; and the Philistines slew Jonathan, and Abinadab, and Malchi-shua, Saul’s sons.	Die Philister aber stritten wider Israel; und die Männer von Israel flohen vor den Philistern, und Erschlagene fielen auf dem Gebirge Gilboa. Und die Philister setzten Saul und seinen Söhnen hart nach; und die Philister erschlugen Jonathan und Abinadab und Malkischua, die Söhne Sauls.	LOS Filisteos pues pelearon con Israel, y los de Israel huyeron delante de los Filisteos, y cayeron muertos en el monte de Gilboa. Y siguiendo los Filisteos á Saúl y á sus hijos, mataron á Jonathán, y á Abinadab, y á Melchîsua, hijos de Saúl.
1 Цар 31:1–2	1 Sam 31:1–2	1. Samuel 31:1–2	1 S. 31:1–2
Давид же был сын Ефрафянина из Вифлеема Иудина, по имени Иессея, у которого было восемь сыновей. Этот человек во дни Саула достиг старости и был старший между мужами.	Now David was the son of that Ephrathite of Beth-lehem-judah, whose name was Jesse; and he had eight sons: and the man went among men for an old man in the days of Saul.	David nun war der Sohn jenes Ephratiters von Bethlehem-Juda, dessen Name Isai war und der acht Söhne hatte; und der Mann war in den Tagen Sauls alt, im Alter vorgerückt unter den Männern.	Y David era hijo de aquel hombre Ephrateo de Beth-lehem de Judá, cuyo nombre era Isaí, el cual tenía ocho hijos; y era este hombre en el tiempo de Saúl, viejo, y de grande edad entre los hombres.
1 Цар 17:12	1 Sam 17:12	1. Samuel 17:12	1 S. 17:12
И сказал священник: вот меч Голиафа Филистимлянина, которого ты поразил в долине дуба, завернутый в одежду, позади ефода; если хочешь, возьми его; другого кроме этого нет здесь. И сказал Давид: нет ему подобного, дай мне его. И дал ему.	And the priest said, The sword of Goliath the Philistine, whom thou slewest in the valley of Elah, behold, it is here wrapped in a cloth behind the ephod: if thou wilt take that, take it: for there is no other save that here. And David said, There is none like that; give it me.	Und der Priester sprach: Das Schwert Goliaths, des Philisters, den du im Terebinthental erschlagen hast, siehe, es ist in ein Oberkleid gewickelt hinter dem Ephod; wenn du es dir nehmen willst, so nimm es, denn es ist kein anderes hier außer diesem. Und David sprach: Seinesgleichen gibt es nicht; gib es mir!	Y el sacerdote respondió: La espada de Goliath el Filisteo, que tú venciste en el valle del Alcornoque, está aquí envuelta en un velo detrás del ephod: si tú quieres tomarla, tómala: porque aquí no hay otra sino esa. Y dijo David: Ninguna como ella: dámela.
1 Цар 21:9	1 Sam 21:9	1. Samuel 21:9	1 S. 21:9
И жил Давид у Анхуса в Гефе, сам и люди его, каждый с семейством своим, Давид и обе жены его — Ахиноама Изреелитянка и Авигея, бывшая жена Навала, Кармилитянка.	And David dwelt with Achish at Gath, he and his men, every man with his household, even David with his two wives, Ahinoam the Jezreelitess, and Abigail the Carmelitess, Nabal’s wife.	Und David blieb bei Achis, zu Gath, er und seine Männer, ein jeder mit seinem Hause: David und seine beiden Weiber, Achinoam, die Jisreelitin, und Abigail, das Weib Nabals, die Karmelitin.	Y moró David con Achîs en Gath, él y los suyos, cada uno con su familia: David con sus dos mujeres, Ahinoam Jezreelita, y Abigail, la que fué mujer de Nabal el del Carmelo.
1 Цар 27:3	1 Sam 27:3	1. Samuel 27:3	1 S. 27:3
И вышел Давид оттуда и убежал в пещеру Одолламскую, и услышали братья его и весь дом отца его и пришли к нему туда.	DAVID therefore departed thence, and escaped to the cave Adullam: and when his brethren and all his father’s house heard it, they went down thither to him.	Und David ging von dannen und entrann in die Höhle Adullam. Und als seine Brüder und das ganze Haus seines Vaters es hörten, kamen sie dorthin zu ihm hinab.	Y YÉNDOSE David de allí escapóse á la cueva de Adullam; lo cual como oyeron sus hermanos y toda la casa de su padre, vinieron allí á él.
1 Цар 22:1	1 Sam 22:1	1. Samuel 22:1	1 S. 22:1
Псалом Давида, когда он был в пустыне Иудейской.	A Psalm of David, when he was in the wilderness of Judah. O GOD, thou art my God; early will I seek thee: my soul thirsteth for thee, my flesh longeth for thee in a dry and thirsty land, where no water is;	Ein Psalm von David, als er in der Wüste Juda war. Gott, du bist mein Gott! Frühe suche ich dich. Es dürstet nach dir meine Seele, nach dir schmachtet mein Fleisch in einem dürren und lechzenden Lande ohne Wasser,	Salmo de David, estando en el desierto de Judá. DIOS, Dios mío eres tú: levantaréme á ti de mañana: mi alma tiene sed de ti, mi carne te desea, en tierra de sequedad y transida sin aguas;
Пс 62:1	Ps 63:1	Psalm 63:1	Sal. 63:1
И вышел Давид оттуда и жил в безопасных местах Ен-Гадди.	AND it came to pass, when Saul was returned from following the Philistines, that it was told him, saying, Behold, David is in the wilderness of En-gedi.	Und es geschah, als Saul von der Verfolgung der Philister zurückgekehrt war, da berichtete man ihm und sprach: Siehe, David ist in der Wüste Engedi.	ENTONCES David subió de allí, y habitó en los parajes fuertes en Engaddi.
1 Цар 24:1	1 Sam 24:1	1. Samuel 24:1	1 S. 24:1
Тогда дал ему Анхус Секелаг, посему Секелаг и остался за царями Иудейскими доныне.	Then Achish gave him Ziklag that day: wherefore Ziklag pertaineth unto the kings of Judah unto this day.	Und Achis gab ihm an selbigem Tage Ziklag; darum hat Ziklag den Königen von Juda gehört bis auf diesen Tag.	Y Achîs le dió aquel día á Siclag. De aquí fué Siclag de los reyes de Judá hasta hoy.
1 Цар 27:6	1 Sam 27:6	1. Samuel 27:6	1 S. 27:6
И людей, бывших с ним, привел Давид, каждого с семейством его, и поселились в городе Хевроне. И пришли мужи Иудины и помазали там Давида на царство над домом Иудиным. И донесли Давиду, что жители Иависа Галаадского погребли Саула.	And his men that were with him did David bring up, every man with his household: and they dwelt in the cities of Hebron. And the men of Judah came, and there they anointed David king over the house of Judah. And they told David, saying, That the men of Jabesh-gilead were they that buried Saul.	Auch seine Männer, die bei ihm waren, ließ David hinaufziehen, einen jeden mit seinem Hause; und sie wohnten in den Städten Hebrons. Und die Männer von Juda kamen und salbten daselbst David zum König über das Haus Juda. Und man berichtete David und sprach: Die Männer von Jabes-Gilead sind es, die Saul begraben haben.	Y llevó también David consigo los hombres que con él habían estado, cada uno con su familia; los cuales moraron en las ciudades de Hebrón. Y vinieron los varones de Judá, y ungieron allí á David por rey sobre la casa de Judá. Y dieron aviso á David, diciendo: Los de Jabes de Galaad son los que sepultaron á Saúl.
2 Цар 2:3–4	2 Sam 2:3–4	2. Samuel 2:3–4	2 S. 2:3–4
Но Давид взял крепость Сион: это — город Давидов.	Nevertheless David took the strong hold of Zion: the same is the city of David.	Aber David nahm die Burg Zion ein, das ist die Stadt Davids.	Empero David tomó la fortaleza de Sión, la cual es la ciudad de David.
2 Цар 5:7	2 Sam 5:7	2. Samuel 5:7	2 S. 5:7
И пришел Давид в Маханаим, а Авессалом перешел Иордан, сам и весь Израиль с ним.	Then David came to Mahanaim. And Absalom passed over Jordan, he and all the men of Israel with him.	Und David kam nach Machanaim; und Absalom ging über den Jordan, er und alle Männer von Israel mit ihm.	Y David llegó á Mahanaim, y Absalom pasó el Jordán con toda la gente de Israel.
2 Цар 17:24	2 Sam 17:24	2. Samuel 17:24	2 S. 17:24
Авессалом убежал и пришел в Гессур и пробыл там три года.	So Absalom fled, and went to Geshur, and was there three years.	Und es geschah, sowie er ausgeredet hatte, siehe, da kamen die Söhne des Königs und erhoben ihre Stimme und weinten; und auch der König und alle seine Knechte brachen in ein sehr großes Weinen aus.	Y después que Absalom huyó y se fué á Gessur, estuvo allá tres años.
2 Цар 13:38	2 Sam 13:38	2. Samuel 13:36	2 S. 13:38
И разослал Авессалом лазутчиков во все колена Израилевы, сказав: когда вы услышите звук трубы, то говорите: Авессалом воцарился в Хевроне.	But Absalom sent spies throughout all the tribes of Israel, saying, As soon as ye hear the sound of the trumpet, then ye shall say, Absalom reigneth in Hebron.	Und Absalom sandte Kundschafter in alle Stämme Israels und ließ sagen: Sobald ihr den Schall der Posaune höret, so sprechet: Absalom ist König geworden zu Hebron!	Empero envió Absalom espías por todas las tribus de Israel, diciendo: Cuando oyereis el sonido de la trompeta, diréis: Absalom reina en Hebrón.
2 Цар 15:10	2 Sam 15:10	2. Samuel 15:10	2 S. 15:10
Авессалом же и весь народ Израильский пришли в Иерусалим, и Ахитофел с ним.	And Absalom, and all the people the men of Israel, came to Jerusalem, and Ahithophel with him.	Absalom aber und alles Volk, die Männer von Israel, kamen nach Jerusalem, und Ahitophel mit ihm.	Y Absalom y todo el pueblo, los varones de Israel, entraron en Jerusalem, y con él Achitophel.
2 Цар 16:15	2 Sam 16:15	2. Samuel 16:15	2 S. 16:15
И пошел царь в Гаваон, чтобы принести там жертву, ибо там был главный жертвенник. Тысячу всесожжений вознес Соломон на том жертвеннике.	And the king went to Gibeon to sacrifice there; for that was the great high place: a thousand burnt offerings did Solomon offer upon that altar.	Und der König ging nach Gibeon, um daselbst zu opfern, denn das war die große Höhe; tausend Brandopfer opferte Salomo auf selbigem Altar.	E iba el rey á Gabaón, porque aquél era el alto principal, y sacrificaba allí: mil holocaustos sacrificaba Salomón sobre aquel altar.
3 Цар 3:4	1 Kgs 3:4	1. Könige 3:4	1 R. 3:4
Времени царствования Соломонова в Иерусалиме над всем Израилем было сорок лет.	And the time that Solomon reigned in Jerusalem over all Israel was forty years.	Und die Tage, die Salomo zu Jerusalem über ganz Israel regierte, waren vierzig Jahre.	Y los días que Salomón reinó en Jerusalem sobre todo Israel, fueron cuarenta años.
3 Цар 11:42	1 Kgs 11:42	1. Könige 11:42	1 R. 11:42
И начал Соломон строить дом Господень в Иерусалиме на горе Мориа, которая указана была Давиду, отцу его, на месте, которое приготовил Давид, на гумне Орны Иевусеянина.	THEN Solomon began to build the house of the Lord at Jerusalem in mount Moriah, where the L ord appeared unto David his father, in the place that David had prepared in the threshingfloor of Ornan the Jebusite.	Und Salomo fing an, das Haus Jehovas zu bauen in Jerusalem, auf dem Berge Morija, wo er seinem Vater David erschienen war, an dem Orte, den David bereitet hatte, auf der Tenne Ornans, des Jebusiters.	Y COMENZÓ Salomón á edificar la casa en Jerusalem, en el monte Moria que había sido mostrado á David su padre, en el lugar que David había preparado en la era de Ornán Jebuseo.
2 Пар 3:1	2 Chr 3:1	2. Chronik 3:1	2 Cr. 3:1
Царь Соломон также сделал корабль в Ецион-Гавере, что при Елафе, на берегу Чермного моря, в земле Идумейской.	And king Solomon made a navy of ships in Ezion-geber, which is beside Eloth, on the shore of the Red sea, in the land of Edom.	Und der König Salomo machte eine Flotte zu Ezjon-Geber, das bei Eloth, am Ufer des Schilfmeeres, im Lande Edom liegt.	Hizo también el rey Salomón navíos en Ezión-geber, que es junto á Elath en la ribera del mar Bermejo, en la tierra de Edom.
3 Цар 9:26	1 Kgs 9:26	1. Könige 9:26	1 R. 9:26
И послал Хирам, царь Тирский, слуг своих к Соломону, когда услышал, что его помазали в царя на место отца его; ибо Хирам был другом Давида во всю жизнь.	AND Hiram king of Tyre sent his servants unto Solomon; for he had heard that they had anointed him king in the room of his father: for Hiram was ever a lover of David.	Und Hiram, der König von Tyrus, sandte seine Knechte zu Salomo, denn er hatte gehört, daß man ihn zum König gesalbt hatte an seines Vaters Statt; denn Hiram war allezeit ein Freund Davids gewesen.	HIRAM rey de Tiro envió también sus siervos á Salomón, luego que oyó que lo habían ungido por rey en lugar de su padre: porque Hiram había siempre amado á David.
3 Цар 5:1	1 Kgs 5:1	1. Könige 5:1	1 R. 5:1
Ахав, сын Амвриев, воцарился над Израилем в тридцать восьмой год Асы, царя Иудейского, и царствовал Ахав, сын Амврия, над Израилем в Самарии двадцать два года.	And in the thirty and eighth year of Asa king of Judah began Ahab the son of Omri to reign over Israel: and Ahab the son of Omri reigned over Israel in Samaria twenty and two years.	Und Ahab, der Sohn Omris, wurde König über Israel im achtunddreißigsten Jahre Asas, des Königs von Juda; und Ahab, der Sohn Omris, regierte über Israel zu Samaria zweiundzwanzig Jahre.	Y reinó Achâb hijo de Omri sobre Israel en Samaria veintidós años. Y Achâb hijo de Omri hizo lo malo á los ojos de Jehová sobre todos los que fueron antes de él;
3 Цар 16:29	1 Kgs 16:29	1. Könige 16:29	1 R. 16:30
И послал Ахав ко всем сынам Израилевым и собрал всех пророков на гору Кармил.	So Ahab sent unto all the children of Israel, and gathered the prophets together unto mount Carmel.	Da sandte Ahab unter allen Kindern Israel umher und versammelte die Propheten nach dem Berge Karmel.	Entonces Achâb envió á todos los hijos de Israel, y juntó los profetas en el monte de Carmelo.
3 Цар 18:20	1 Kgs 18:20	1. Könige 18:20	1 R. 18:20
И было после сих происшествий: у Навуфея Изреелитянина в Изреели был виноградник подле дворца Ахава, царя Самарийского.	AND it came to pass after these things, that Naboth the Jezreelite had a vineyard, which was in Jezreel, hard by the palace of Ahab king of Samaria.	Und es geschah nach diesen Dingen: Naboth, der Jisreeliter, hatte einen Weinberg, der zu Jisreel war, neben dem Palaste Ahabs, des Königs von Samaria.	PASADOS estos negocios, aconteció que Naboth de Jezreel tenía en Jezreel una viña junto al palacio de Achâb rey de Samaria.
3 Цар 21:1	1 Kgs 21:1	1. Könige 21:1	1 R. 21:1
И пошел царь Израильский и Иосафат, царь Иудейский, к Рамофу Галаадскому.	So the king of Israel and Jehoshaphat the king of Judah went up to Ramoth-gilead.	Und der König von Israel und Josaphat, der König von Juda, zogen hinauf nach Ramoth-Gilead.	Subió pues el rey de Israel con Josaphat rey de Judá á Ramoth de Galaad.
3 Цар 22:29	1 Kgs 22:29	1. Könige 22:29	1 R. 22:29
Мало было для него впадать в грехи Иеровоама, сына Наватова; он взял себе в жену Иезавель, дочь Ефваала царя Сидонского, и стал служить Ваалу и поклоняться ему.	And it came to pass, as if it had been a light thing for him to walk in the sins of Jeroboam the son of Nebat, that he took to wife Jezebel the daughter of Ethbaal king of the Zidonians, and went and served Baal, and worshipped him.	Und es geschah war es zu wenig, daß er in den Sünden Jerobeams, des Sohnes Nebats, wandelte? daß er Isebel, die Tochter Ethbaals, des Königs der Zidonier, zum Weibe nahm; und er ging hin und diente dem Baal und beugte sich vor ihm nieder.	Porque le fué ligera cosa andar en los pecados de Jeroboam hijo de Nabat, y tomó por mujer á Jezabel hija de Ethbaal rey de los Sidonios, y fué y sirvió á Baal, y lo adoró.
3 Цар 16:31	1 Kgs 16:31	1. Könige 16:31	1 R. 16:31
И прибыл Ииуй в Изреель. Иезавель же, получив весть, нарумянила лице свое и украсила голову свою, и глядела в окно.	And when Jehu was come to Jezreel, Jezebel heard of it; and she painted her face, and tired her head, and looked out at a window.	Und Jehu kam nach Jisreel. Und als Isebel es hörte, da tat sie Schminke an ihre Augen und schmückte ihr Haupt und schaute zum Fenster hinaus.	Vino después Jehú á Jezreel: y como Jezabel lo oyó, adornó sus ojos con alcohol, y atavió su cabeza, y asomóse á una ventana.
4 Цар 9:30	2 Kgs 9:30	2. Könige 9:30	2 R. 9:30
И встал он и пошел в Сарепту; и когда пришел к воротам города, вот, там женщина вдова собирает дрова. И подозвал он ее и сказал: дай мне немного воды в сосуде напиться.	So he arose and went to Zarephath. And when he came to the gate of the city, behold, the widow woman was there gathering of sticks: and he called to her, and said, Fetch me, I pray thee, a little water in a vessel, that I may drink.	Und er machte sich auf und ging nach Zarpath; und als er an den Eingang der Stadt kam, siehe, da war eine Witwe daselbst, die Holz auflas. Und er rief ihr zu und sprach: Hole mir doch ein wenig Wasser im Gefäß, daß ich trinke!	Entonces él se levantó, y se fué á Sarepta. Y como llegó á la puerta de la ciudad, he aquí una mujer viuda que estaba allí cogiendo serojas; y él la llamó, y díjole: Ruégote que me traigas una poca de agua en un vaso, para que beba.
3 Цар 17:10	1 Kgs 17:10	1. Könige 17:10	1 R. 17:10
теперь пошли и собери ко мне всего Израиля на гору Кармил, и четыреста пятьдесят пророков Вааловых, и четыреста пророков дубравных, питающихся от стола Иезавели.	Now therefore send, and gather to me all Israel unto mount Carmel, and the prophets of Baal four hundred and fifty, and the prophets of the groves four hundred, which eat at Jezebel’s table.	Und nun sende hin, versammle ganz Israel zu mir nach dem Berge Karmel, und die vierhundert und fünfzig Propheten des Baal und die vierhundert Propheten der Aschera, die am Tische Isebels essen.	Envía pues ahora y júntame á todo Israel en el monte de Carmelo, y los cuatrocientos y cincuenta profetas de Baal, y los cuatrocientos profetas de los bosques, que comen de la mesa de Jezabel.
3 Цар 18:19	1 Kgs 18:19	1. Könige 18:19	1 R. 18:19
И была на Илии рука Господня. Он опоясал чресла свои и бежал пред Ахавом до самого Изрееля.	And the hand of the Lord was on Elijah; and he girded up his loins, and ran before Ahab to the entrance of Jezreel.	Und die Hand Jehovas kam über Elia; und er gürtete seine Lenden und lief vor Ahab her bis nach Jisreel hin.	Y la mano de Jehová fué sobre Elías, el cual ciñó sus lomos, y vino corriendo delante de Achâb hasta llegar á Jezreel.
3 Цар 18:46	1 Kgs 18:46	1. Könige 18:46	1 R. 18:46
Увидев это, он встал и пошел, чтобы спасти жизнь свою, и пришел в Вирсавию, которая в Иудее, и оставил отрока своего там.	And when he saw that, he arose, and went for his life, and came to Beer-sheba, which belongeth to Judah, and left his servant there.	Und als er das sah, machte er sich auf und ging fort um seines Lebens willen, und kam nach Beerseba, das zu Juda gehört; und er ließ seinen Knaben dort zurück.	Viendo pues el peligro, levantóse y fuése por salvar su vida, y vino á Beer-seba, que es en Judá, y dejó allí su criado.
3 Цар 19:3	1 Kgs 19:3	1. Könige 19:3	1 R. 19:3
И встал он, поел и напился, и, подкрепившись тою пищею, шел сорок дней и сорок ночей до горы Божией Хорива.	And he arose, and did eat and drink, and went in the strength of that meat forty days and forty nights unto Horeb the mount of God.	Und er stand auf und aß und trank, und er ging in der Kraft dieser Speise vierzig Tage und vierzig Nächte bis an den Berg Gottes, den Horeb.	Levantóse pues, y comió y bebió; y caminó con la fortaleza de aquella comida cuarenta días y cuarenta noches, hasta el monte de Dios, Horeb.
3 Цар 19:8	1 Kgs 19:8	1. Könige 19:8	1 R. 19:8
И сказал Илия Елисею: останься здесь, ибо Господь посылает меня в Вефиль. Но Елисей сказал: жив Господь и жива душа твоя! не оставлю тебя. И пошли они в Вефиль.	And Elijah said unto Elisha, Tarry here, I pray thee; for the Lord hath sent me to Beth-el. And Elisha said unto him, As the Lord liveth, and as thy soul liveth, I will not leave thee. So they went down to Beth-el.	Und Elia sprach zu Elisa: Bleibe doch hier; denn Jehova hat mich bis nach Bethel gesandt. Und Elisa sprach: So wahr Jehova lebt und deine Seele lebt, wenn ich dich verlasse! Und sie gingen nach Bethel hinab.	Y dijo Elías á Eliseo: Quédate ahora aquí, porque Jehová me ha enviado á Beth-el. Y Eliseo dijo: Vive Jehová, y vive tu alma, que no te dejaré. Descendieron pues á Beth-el.
4 Цар 2:2	2 Kgs 2:2	2. Könige 2:2	2 R. 2:2
И сказал ему Илия: Елисей, останься здесь, ибо Господь посылает меня в Иерихон. И сказал он: жив Господь и жива душа твоя! не оставлю тебя. И пришли в Иерихон.	And Elijah said unto him, Elisha, tarry here, I pray thee; for the Lord hath sent me to Jericho. And he said, As the Lord liveth, and as thy soul liveth, I will not leave thee. So they came to Jericho.	Und Elia sprach zu ihm: Elisa, bleibe doch hier; denn Jehova hat mich nach Jericho gesandt. Aber er sprach: So wahr Jehova lebt und deine Seele lebt, wenn ich dich verlasse! Und sie kamen nach Jericho.	Y Elías le volvió á decir: Eliseo, quédate aquí ahora, porque Jehová me ha enviado á Jericó. Y él dijo: Vive Jehová, y vive tu alma, que no te dejaré. Vinieron pues á Jericó.
4 Цар 2:4	2 Kgs 2:4	2. Könige 2:4	2 R. 2:4
Пятьдесят человек из сынов пророческих пошли и стали вдали напротив их, а они оба стояли у Иордана.	And fifty men of the sons of the prophets went, and stood to view afar off: and they two stood by Jordan.	Und fünfzig Mann von den Söhnen der Propheten gingen hin und stellten sich gegenüber von ferne; und sie beide traten an den Jordan.	Y vinieron cincuenta varones de los hijos de los profetas, y paráronse enfrente á lo lejos: y ellos dos se pararon junto al Jordán.
4 Цар 2:7	2 Kgs 2:7	2. Könige 2:7	2 R. 2:7
И поднял милоть Илии, упавшую с него, и пошел назад, и стал на берегу Иордана; и взял милоть Илии, упавшую с него, и ударил ею по воде, и сказал: где Господь, Бог Илии, — Он Самый? И ударил по воде, и она расступилась туда и сюда, и перешел Елисей.	He took up also the mantle of Elijah that fell from him, and went back, and stood by the bank of Jordan; And he took the mantle of Elijah that fell from him, and smote the waters, and said, Where is the Lord God of Elijah? and when he also had smitten the waters, they parted hither and thither: and Elisha went over.	Und er hob den Mantel des Elia auf, der von ihm herabgefallen war, und kehrte um und trat an das Ufer des Jordan. Und er nahm den Mantel des Elia, der von ihm herabgefallen war, und schlug auf das Wasser und sprach: Wo ist Jehova, der Gott des Elia? Auch er schlug auf das Wasser, und es zerteilte sich dahin und dorthin; und Elisa ging hinüber.	Alzó luego el manto de Elías que se le había caído, y volvió, y paróse á la orilla del Jordán. Y tomando el manto de Elías que se le había caído, hirió las aguas, y dijo: ¿Dónde está Jehová, el Dios de Elías? Y así que hubo del mismo modo herido las aguas, apartáronse á uno y á otro lado, y pasó Eliseo.
4 Цар 2:13–14	2 Kgs 2:13–14	2. Könige 2:13–14	2 R. 2:13–14
и возвратились к нему, между тем как он оставался в Иерихоне, и сказал им: не говорил ли я вам: не ходите? И сказали жители того города Елисею: вот, положение этого города хорошо, как видит господин мой; но вода нехороша и земля бесплодна.	And when they came again to him, (for he tarried at Jericho,) he said unto them, Did I not say unto you, Go not? And the men of the city said unto Elisha, Behold, I pray thee, the situation of this city is pleasant, as my lord seeth: but the water is naught, and the ground barren.	Und sie kehrten zu ihm zurück (er verweilte aber noch in Jericho); und er sprach zu ihnen: Habe ich euch nicht gesagt: Gehet nicht hin? Und die Männer der Stadt sprachen zu Elisa: Siehe doch, die Lage der Stadt ist gut, wie mein Herr sieht, aber das Wasser ist schlecht, und das Land ist unfruchtbar.	Y cuando volvieron á él, que se había quedado en Jericó, él les dijo: ¿No os dije yo que no fueseis? Y los hombres de la ciudad dijeron á Eliseo: He aquí el asiento de esta ciudad es bueno, como mi señor ve; mas las aguas son malas, y la tierra enferma.
4 Цар 2:18–19	2 Kgs 2:18–19	2. Könige 2:18–19	2 R. 2:18–19
И пошел он оттуда в Вефиль. Когда он шел дорогою, малые дети вышли из города и насмехались над ним и говорили ему: иди, плешивый! иди, плешивый!	And he went up from thence unto Beth-el: and as he was going up by the way, there came forth little children out of the city, and mocked him, and said unto him, Go up, thou bald head; go up, thou bald head.	Und er ging von dannen hinauf nach Bethel; und als er auf dem Wege hinaufging, da kamen kleine Knaben aus der Stadt heraus, und verspotteten ihn und sprachen zu ihm: Komm herauf, Kahlkopf! Komm herauf, Kahlkopf!	Después subió de allí á Beth-el; y subiendo por el camino, salieron los muchachos de la ciudad, y se burlaban de él, diciendo: ¡Calvo, sube! ¡calvo, sube!
4 Цар 2:23	2 Kgs 2:23	2. Könige 2:23	2 R. 2:23
Отсюда пошел он на гору Кармил, а оттуда возвратился в Самарию.	And he went from thence to mount Carmel, and from thence he returned to Samaria.	Und er ging von dannen nach dem Berge Karmel; und von dort kehrte er nach Samaria zurück.	De allí fué al monte de Carmelo, y de allí volvió á Samaria.
4 Цар 2:25	2 Kgs 2:25	2. Könige 2:25	2 R. 2:25
В один день пришел Елисей в Сонам. Там одна богатая женщина упросила его к себе есть хлеба; и когда он ни проходил, всегда заходил туда есть хлеба.	And it fell on a day, that Elisha passed to Shunem, where was a great woman; and she constrained him to eat bread. And so it was, that as oft as he passed by, he turned in thither to eat bread.	Und sie kam und berichtete es dem Manne Gottes; und er sprach: Gehe hin, verkaufe das Öl und bezahle deine Schuld; du aber und deine Söhne, lebet von dem Übrigen.	Y aconteció también que un día pasaba Eliseo por Sunem; y había allí una mujer principal, la cual le constriñó á que comiese del pan: y cuando por allí pasaba, veníase á su casa á comer del pan.
4 Цар 4:8	2 Kgs 4:8	2. Könige 4:7	2 R. 4:8
И сказал он: пойдите, узнайте, где он; я пошлю и возьму его. И донесли ему и сказали: вот, он в Дофаиме.	And he said, Go and spy where he is, that I may send and fetch him. And it was told him, saying, Behold, he is in Dothan.	Da sprach er: Gehet hin und sehet, wo er ist; und ich werde hinsenden und ihn holen. Und es wurde ihm berichtet und gesagt: Siehe, er ist in Dothan.	Y él dijo: Id, y mirad dónde está, para que yo envíe á tomarlo. Y fuéle dicho: He aquí él está en Dothán.
4 Цар 6:13	2 Kgs 6:13	2. Könige 6:13	2 R. 6:13
И пришел Елисей в Дамаск, когда Венадад, царь Сирийский, был болен. И донесли ему, говоря: пришел человек Божий сюда.	And Elisha came to Damascus; and Ben-hadad the king of Syria was sick; and it was told him, saying, The man of God is come hither.	Und Elisa kam nach Damaskus. Und Ben-Hadad, der König von Syrien, war krank. Und es wurde ihm berichtet und gesagt: Der Mann Gottes ist hierher gekommen.	Eliseo se fué luego á Damasco, y Ben-adad rey de Siria estaba enfermo, al cual dieron aviso, diciendo: El varón de Dios ha venido aquí.
4 Цар 8:7	2 Kgs 8:7	2. Könige 8:7	2 R. 8:7
разве Авана и Фарфар, реки Дамасские, не лучше всех вод Израильских? разве я не мог бы омыться в них и очиститься? И оборотился и удалился в гневе.	Are not Abana and Pharpar, rivers of Damascus, better than all the waters of Israel? may I not wash in them, and be clean? So he turned and went away in a rage.	Sind nicht Abana und Parpar, die Flüsse von Damaskus, besser als alle Wasser von Israel? Kann ich mich nicht darin baden und rein werden? Und er wandte sich und zog weg im Grimm.	Abana y Pharphar, ríos de Damasco, ¿no son mejores que todas las aguas de Israel? Si me lavare en ellos, ¿no seré también limpio? Y volvióse, y fuése enojado.
4 Цар 5:12	2 Kgs 5:12	2. Könige 5:12	2 R. 5:12
И сказала она госпоже своей: о, если бы господин мой побывал у пророка, который в Самарии, то он снял бы с него проказу его!	And she said unto her mistress, Would God my lord were with the prophet that is in Samaria! for he would recover him of his leprosy.	Und sie sprach zu ihrer Herrin: Ach, wäre doch mein Herr vor dem Propheten, der zu Samaria wohnt! Dann würde er ihn von seinem Aussatz heilen.	Dijo á su señora: Si rogase mi señor al profeta que está en Samaria, él lo sanaría de su lepra.
4 Цар 5:3	2 Kgs 5:3	2. Könige 5:3	2 R. 5:3
И пошел он и окунулся в Иордане семь раз, по слову человека Божия, и обновилось тело его, как тело малого ребенка, и очистился.	Then went he down, and dipped himself seven times in Jordan, according to the saying of the man of God: and his flesh came again like unto the flesh of a little child, and he was clean.	Da stieg er hinab und tauchte sich im Jordan siebenmal unter, nach dem Worte des Mannes Gottes. Da wurde sein Fleisch wieder wie das Fleisch eines jungen Knaben, und er war rein.	El entonces descendió, y zambullóse siete veces en el Jordán, conforme á la palabra del varón de Dios: y su carne se volvió como la carne de un niño, y fué limpio.
4 Цар 5:14	2 Kgs 5:14	2. Könige 5:14	2 R. 5:14
Он восстановил пределы Израиля, от входа в Емаф до моря пустыни, по слову Господа Бога Израилева, которое Он изрек чрез раба Своего Иону, сына Амафиина, пророка из Гафхефера,	He restored the coast of Israel from the entering of Hamath unto the sea of the plain, according to the word of the Lord God of Israel, which he spake by the hand of his servant Jonah, the son of Amittai, the prophet, which was of Gath-hepher.	Er stellte die Grenze Israels wieder her, vom Eingange Hamaths bis an das Meer der Ebene, nach dem Worte Jehovas, des Gottes Israels, das er geredet hatte durch seinen Knecht Jona, den Sohn Amittais, den Propheten, der von Gath-Hepher war.	El restituyó los términos de Israel desde la entrada de Amath hasta la mar de la llanura, conforme á la palabra de Jehová Dios de Israel, la cual había él hablado por su siervo Jonás hijo de Amittai, profeta que fué de Gath-hepher.
4 Цар 14:25	2 Kgs 14:25	2. Könige 14:25	2 R. 14:25
И встал Иона, чтобы бежать в Фарсис от лица Господня, и пришел в Иоппию, и нашел корабль, отправлявшийся в Фарсис, отдал плату за провоз и вошел в него, чтобы плыть с ними в Фарсис от лица Господа.	But Jonah rose up to flee unto Tarshish from the presence of the Lord, and went down to Joppa; and he found a ship going to Tarshish: so he paid the fare thereof, and went down into it, to go with them unto Tarshish from the presence of the Lord.	Aber Jona machte sich auf, um von dem Angesicht Jehovas hinweg nach Tarsis zu fliehen; und er ging nach Japho hinab und fand ein Schiff, das nach Tarsis fuhr; und er gab sein Fährgeld und stieg in dasselbe hinab, um mit ihnen nach Tarsis zu fahren von dem Angesicht Jehovas hinweg.	Y Jonás se levantó para huir de la presencia de Jehová á Tarsis, y descendió á Joppe; y halló un navío que partía para Tarsis; y pagando su pasaje entró en él, para irse con ellos á Tarsis de delante de Jehová.
Ион 1:3	Jonah 1:3	Jona 1:3	Jon. 1:3
И встал Иона и пошел в Ниневию, по слову Господню; Ниневия же была город великий у Бога, на три дня ходьбы.	So Jonah arose, and went unto Nineveh, according to the word of the Lord. Now Nineveh was an exceeding great city of three days’ journey.	Da machte sich Jona auf und ging nach Ninive, nach dem Worte Jehovas. Ninive war aber eine außerordentlich große Stadt von drei Tagereisen.	Y levantóse Jonás, y fué á Nínive, conforme á la palabra de Jehová. Y era Nínive ciudad sobremanera grande, de tres días de camino.
Ион 3:3	Jonah 3:3	Jona 3:3	Jon. 3:3
Восьми лет был Иосия, когда воцарился, и тридцать один год царствовал в Иерусалиме; имя матери его Иедида, дочь Адаии, из Боцкафы.	JOSIAH was eight years old when he began to reign, and he reigned thirty and one years in Jerusalem. And his mother’s name was Jedidah, the daughter of Adaiah of Boscath.	Acht Jahre war Josia alt, als er König wurde, und er regierte einunddreißig Jahre zu Jerusalem; und der Name seiner Mutter war Jedida, die Tochter Adajas, von Bozkath.	CUANDO Josías comenzó á reinar era de ocho años, y reinó en Jerusalem treinta y un años. El nombre de su madre fué Idida hija de Adaía de Boscath.
4 Цар 22:1	2 Kgs 22:1	2. Könige 22:1	2 R. 22:1
Также и жертвенник, который в Вефиле, высоту, устроенную Иеровоамом, сыном Наватовым, который ввел Израиля в грех, — также и жертвенник тот и высоту он разрушил, и сжег сию высоту, стер в прах, и сжег дубраву.	Moreover the altar that was at Beth-el, and the high place which Jeroboam the son of Nebat, who made Israel to sin, had made, both that altar and the high place he brake down, and burned the high place, and stamped it small to powder, and burned the grove.	Und auch den Altar, der zu Bethel war, die Höhe, welche Jerobeam, der Sohn Nebats, gemacht hatte, der Israel sündigen machte, auch diesen Altar und die Höhe riß er nieder; und er verbrannte die Höhe, zermalmte sie zu Staub und verbrannte die Aschera.	Igualmente el altar que estaba en Beth-el, y el alto que había hecho Jeroboam hijo de Nabat, el que hizo pecar á Israel, aquel altar y el alto destruyó; y quemó el alto, y lo tornó en polvo, y puso fuego al bosque.
4 Цар 23:15	2 Kgs 23:15	2. Könige 23:15	2 R. 23:15
Во дни его пошел фараон Нехао, царь Египетский, против царя Ассирийского на реку Евфрат. И вышел царь Иосия навстречу ему, и тот умертвил его в Мегиддоне, когда увидел его.	In his days Pharaoh-nechoh king of Egypt went up against the king of Assyria to the river Euphrates: and king Josiah went against him; and he slew him at Megiddo, when he had seen him.	In seinen Tagen zog der Pharao Neko, der König von Ägypten, wider den König von Assyrien hinauf, an den Strom Phrat. Und der König Josia zog ihm entgegen; aber Neko tötete ihn zu Megiddo, sowie er ihn sah.	En aquellos días Faraón Nechâo rey de Egipto subió contra el rey de Asiria al río Eufrates, y salió contra él el rey Josías; pero aquél, así que le vió, matólo en Megiddo.
4 Цар 23:29	2 Kgs 23:29	2. Könige 23:29	2 R. 23:29
И послал Езекия, царь Иудейский, к царю Ассирийскому в Лахис сказать: виновен я; отойди от меня; что наложишь на меня, я внесу. И наложил царь Ассирийский на Езекию, царя Иудейского, триста талантов серебра и тридцать талантов золота.	And Hezekiah king of Judah sent to the king of Assyria to Lachish, saying, I have offended; return from me: that which thou puttest on me will I bear. And the king of Assyria appointed unto Hezekiah king of Judah three hundred talents of silver and thirty talents of gold.	Da sandte Hiskia, der König von Juda, an den König von Assyrien nach Lachis und ließ ihm sagen: Ich habe gefehlt, kehre um von mir; was du mir auferlegen wirst, will ich tragen. Und der König von Assyrien legte Hiskia, dem König von Juda, dreihundert Talente Silber und dreißig Talente Gold auf.	Entonces Ezechîas rey de Judá envió á decir al rey de Asiria en Lachîs: Yo he pecado: vuélvete de mí, y llevaré todo lo que me impusieres. Y el rey de Asiria impuso á Ezechîas rey de Judá trescientos talentos de plata, y treinta talentos de oro.
4 Цар 18:14	2 Kgs 18:14	2. Könige 18:14	2 R. 18:14
И отправился, и пошел, и возвратился Сеннахирим, царь Ассирийский, и жил в Ниневии.	So Sennacherib king of Assyria departed, and went and returned, and dwelt at Nineveh.	Und Sanherib, der König von Assyrien, brach auf, und er zog fort und kehrte zurück und blieb in Ninive.	Entonces Sennachêrib, rey de Asiria se partió, y se fué y tornó á Nínive, donde se estuvo.
4 Цар 19:36	2 Kgs 19:36	2. Könige 19:36	2 R. 19:36
Видение Исаии, сына Амосова, которое он видел о Иудее и Иерусалиме, во дни Озии, Иоафама, Ахаза, Езекии — царей Иудейских.	THE vision of Isaiah the son of Amoz, which he saw concerning Judah and Jerusalem in the days of Uzziah, Jotham, Ahaz, and Hezekiah, kings of Judah.	Das Gesicht Jesajas, des Sohnes Amoz', welches er über Juda und Jerusalem geschaut hat in den Tagen Ussijas, Jothams, Ahas', Jehiskias, der Könige von Juda.	VISIÓN de Isaías hijo de Amoz, la cual vió sobre Judá y Jerusalem, en días de Uzzías, Jotham, Achâz y Ezechîas, reyes de Judá.
Ис 1:1	Isa 1:1	Jesaja 1:1	Is. 1:1
Слова Иеремии, сына Хелкиина, из священников в Анафофе, в земле Вениаминовой,	THE words of Jeremiah the son of Hilkiah, of the priests that were in Anathoth in the land of Benjamin:	Worte Jeremias, des Sohnes Hilkijas, von den Priestern, die zu Anathoth waren im Lande Benjamin,	LAS palabras de Jeremías hijo de Hilcías, de los sacerdotes que estuvieron en Anathoth, en tierra de Benjamín.
Иер 1:1	Jer 1:1	Jeremia 1:1	Jer. 1:1
Тогда войско царя Вавилонского осаждало Иерусалим, и Иеремия пророк был заключен во дворе стражи, который был при доме царя Иудейского.	For then the king of Babylon’s army besieged Jerusalem: and Jeremiah the prophet was shut up in the court of the prison, which was in the king of Judah’s house.	Und das Heer des Königs von Babel belagerte damals Jerusalem. Und der Prophet Jeremia war im Gefängnishofe eingesperrt, der im Hause des Königs von Juda ist;	Y entonces el ejército del rey de Babilonia tenía cercada á Jerusalem; y el profeta Jeremías estaba preso en el patio de la cárcel que estaba en la casa del rey de Judá.
Иер 32:2	Jer 32:2	Jeremia 32:2	Jer. 32:2
Слово, которое было к Иеремии от Господа, после того как Навузардан, начальник телохранителей, отпустил его из Рамы, где он взял его скованного цепями среди прочих пленных Иерусалимлян и Иудеев, переселяемых в Вавилон.	THE word that came to Jeremiah from the Lord, after that Nebuzar-adan the captain of the guard had let him go from Ramah, when he had taken him being bound in chains among all that were carried away captive of Jerusalem and Judah, which were carried away captive unto Babylon.	Das Wort, welches von seiten Jehovas zu Jeremia geschah, nachdem Nebusaradan, der Oberste der Leibwache, ihn von Rama entlassen hatte, als er ihn holen ließ, und er mit Ketten gebunden war inmitten aller Weggeführten von Jerusalem und Juda, die nach Babel weggeführt wurden.	PALABRA que fué á Jeremías de Jehová, después que Nabuzaradán capitán de la guardia le envió desde Ramá, cuando le tomó estando atado con esposas entre toda la transmigración de Jerusalem y de Judá que iban cautivos á Babilonia.
Иер 40:1	Jer 40:1	Jeremia 40:1	Jer. 40:1
И пришел Иеремия к Годолии, сыну Ахикама, в Массифу, и жил с ним среди народа, остававшегося в стране.	Then went Jeremiah unto Gedaliah the son of Ahikam to Mizpah; and dwelt with him among the people that were left in the land.	Und Jeremia kam zu Gedalja, dem Sohne Achikams, nach Mizpa; und er wohnte bei ihm inmitten des Volkes, das im Lande übriggeblieben war.	Fuése entonces Jeremías á Gedalías hijo de Ahicam, á Mizpa, y moró con él en medio del pueblo que había quedado en la tierra.
Иер 40:6	Jer 40:6	Jeremia 40:6	Jer. 40:6
И было слово Господне к Иеремии в Тафнисе:	Then came the word of the Lord unto Jeremiah in Tahpanhes, saying,	Und das Wort Jehovas geschah zu Jeremia in Tachpanches also:	Y fué palabra de Jehová á Jeremías en Taphnes, diciendo:
Иер 43:8	Jer 43:8	Jeremia 43:8	Jer. 43:8
было слово Господне к Иезекиилю, сыну Вузия, священнику, в земле Халдейской, при реке Ховаре; и была на нем там рука Господня.	The word of the Lord came expressly unto Ezekiel the priest, the son of Buzi, in the land of the Chaldeans by the river Chebar; and the hand of the Lord was there upon him.	geschah das Wort Jehovas ausdrücklich zu Hesekiel, dem Sohne Busis, dem Priester, im Lande der Chaldäer, am Flusse Kebar; und daselbst kam die Hand Jehovas über ihn.	Fué palabra de Jehová á Ezequiel sacerdote, hijo de Buzi, en la tierra de los Caldeos, junto al río de Chebar; fué allí sobre él la mano de Jehová.
Иез 1:3	Ezek 1:3	Hesekiel 1:3	Ez. 1:3
И простер Он как бы руку, и взял меня за волоса головы моей, и поднял меня дух между землею и небом, и принес меня в видениях Божиих в Иерусалим ко входу внутренних ворот, обращенных к северу, где поставлен был идол ревности, возбуждающий ревнование.	And he put forth the form of an hand, and took me by a lock of mine head; and the spirit lifted me up between the earth and the heaven, and brought me in the visions of God to Jerusalem, to the door of the inner gate that looketh toward the north; where was the seat of the image of jealousy, which provoketh to jealousy.	Und er streckte das Gebilde einer Hand aus und nahm mich beim Haarschopf meines Hauptes; und der Geist hob mich zwischen Erde und Himmel empor und brachte mich in Gesichten Gottes nach Jerusalem, an den Eingang des Tores des inneren Vorhofs, welches gegen Norden sieht, wo der Standort des Bildes der Eifersucht war, welches zum Eifer reizt.	Y aquella semejanza extendió la mano, y tomóme por las guedejas de mi cabeza; y el espíritu me alzó entre el cielo y la tierra, y llevóme en visiones de Dios á Jerusalem, á la entrada de la puerta de adentro que mira hacia el aquilón, donde estaba la habitación de la imagen del celo, la que hacía celar.
Иез 8:3	Ezek 8:3	Hesekiel 8:3	Ez. 8:3
Тогда возвысил царь Даниила и дал ему много больших подарков, и поставил его над всею областью Вавилонскою и главным начальником над всеми мудрецами Вавилонскими.	Then the king made Daniel a great man, and gave him many great gifts, and made him ruler over the whole province of Babylon, and chief of the governors over all the wise men of Babylon.	Alsdann machte der König den Daniel groß und gab ihm viele große Geschenke, und er setzte ihn als Herrscher ein über die ganze Landschaft Babel und zum Obervorsteher über alle Weisen von Babel.	Entonces el rey engrandeció á Daniel, y le dió muchos y grandes dones, y púsolo por gobernador de toda la provincia de Babilonia, y por príncipe de los gobernadores sobre todos los sabios de Babilonia.
Дан 2:48	Dan 2:48	Daniel 2:48	Dn. 2:48
И видел я в видении, и когда видел, я был в Сузах, престольном городе в области Еламской, и видел я в видении, — как бы я был у реки Улая.	And I saw in a vision; and it came to pass, when I saw, that I was at Shushan in the palace, which is in the province of Elam; and I saw in a vision, and I was by the river of Ulai.	Und ich sah im Gesicht; und es geschah, als ich sah, da war ich in der Burg Susan, welche in der Landschaft Elam ist; und ich sah im Gesicht, und ich war am Flusse Ulai.	Vi en visión, (y aconteció cuando vi, que yo estaba en Susán, que es cabecera del reino en la provincia de Persia;) vi pues en visión, estando junto al río Ulai,
Дан 8:2	Dan 8:2	Daniel 8:2	Dn. 8:2
В то время подступили рабы Навуходоносора, царя Вавилонского, к Иерусалиму, и подвергся город осаде. И пришел Навуходоносор, царь Вавилонский, к городу, когда рабы его осаждали его.	At that time the servants of Nebuchadnezzar king of Babylon came up against Jerusalem, and the city was besieged. And Nebuchadnezzar king of Babylon came against the city, and his servants did besiege it.	Zu jener Zeit zogen die Knechte Nebukadnezars, des Königs von Babel, nach Jerusalem herauf, und die Stadt kam in Belagerung. Und Nebukadnezar, der König von Babel, kam zu der Stadt, während seine Knechte sie belagerten.	En aquel tiempo subieron los siervos de Nabucodonosor rey de Babilonia contra Jerusalem, y la ciudad fué cercada. Vino también Nabucodonosor rey de Babilonia contra la ciudad, cuando sus siervos la tenían cercada.
4 Цар 24:10–11	2 Kgs 24:10–11	2. Könige 24:10–11	2 R. 24:10–11
царь сказал: это ли не величественный Вавилон, который построил я в дом царства силою моего могущества и в славу моего величия!	At the end of twelve months he walked in the palace of the kingdom of Babylon.	Nach Verlauf von zwölf Monaten wandelte er umher auf dem königlichen Palaste zu Babel;	A cabo de doce meses, andándose paseando sobre el palacio del reino de Babilonia,
Дан 4:27	Dan 4:29	Daniel 4:29	Dn. 4:29
Когда объявлено было повеление царя и указ его, и когда собраны были многие девицы в престольный город Сузы под надзор Гегая, тогда взята была и Есфирь в царский дом под надзор Гегая, стража жен.	So it came to pass, when the king’s commandment and his decree was heard, and when many maidens were gathered together unto Shushan the palace, to the custody of Hegai, that Esther was brought also unto the king’s house, to the custody of Hegai, keeper of the women.	Und es geschah, als das Wort des Königs und sein Befehl gehört, und als viele Mädchen in die Burg Susan unter die Aufsicht Hegais zusammengebracht wurden, da wurde auch Esther in das Haus des Königs aufgenommen, unter die Aufsicht Hegais, des Hüters der Frauen.	Sucedió pues, que como se divulgó el mandamiento del rey y su acuerdo, y siendo reunidas muchas mozas en Susán residencia regia, á cargo de Hegai, fué tomada también Esther para casa del rey, al cuidado de Hegai, guarda de las mujeres.
Есф 2:8	Esth 2:8	Ester 2:8	Est. 2:8
Был в Сузах, городе престольном, один Иудеянин, имя его Мардохей, сын Иаира, сын Семея, сын Киса, из колена Вениаминова.	Now in Shushan the palace there was a certain Jew, whose name was Mordecai, the son of Jair, the son of Shimei, the son of Kish, a Benjamite;	Es war ein jüdischer Mann in der Burg Susan, sein Name war Mordokai, der Sohn Jairs, des Sohnes Simeis, des Sohnes Kis', ein Benjaminiter,	Había un varón Judío en Susán residencia regia, cuyo nombre era Mardochêo, hijo de Jair, hijo de Simi, hijo de Cis, del linaje de Benjamín;
Есф 2:5	Esth 2:5	Ester 2:5	Est. 2:5
сей Ездра вышел из Вавилона. Он был книжник, сведущий в законе Моисеевом, который дал Господь Бог Израилев. И дал ему царь все по желанию его, так как рука Господа Бога его была над ним.	This Ezra went up from Babylon; and he was a ready scribe in the law of Moses, which the Lord God of Israel had given: and the king granted him all his request, according to the hand of the Lord his God upon him.	dieser Esra zog herauf von Babel; und er war ein kundiger Schriftgelehrter in dem Gesetz Moses, welches Jehova, der Gott Israels, gegeben hatte. Und weil die Hand Jehovas, seines Gottes, über ihm war, gab ihm der König all sein Begehr.	Este Esdras subió de Babilonia, el cual era escriba diligente en la ley de Moisés, que Jehová Dios de Israel había dado; y concedióle el rey, según la mano de Jehová su Dios sobre él, todo lo que pidió.
Ездр 7:6	Ezra 7:6	Esra 7:6	Esd. 7:6
И пришел он в Иерусалим в пятый месяц, — в седьмой же год царя.	And he came to Jerusalem in the fifth month, which was in the seventh year of the king.	Und er kam nach Jerusalem im fünften Monat, das war das siebte Jahr des Königs.	Y llegó á Jerusalem en el mes quinto, el año séptimo del rey.
Ездр 7:8	Ezra 7:8	Esra 7:8	Esd. 7:8
Слова Неемии, сына Ахалиина. В месяце Кислеве, в двадцатом году, я находился в Сузах, престольном городе.	THE words of Nehemiah the son of Hachaliah. And it came to pass in the month Chisleu, in the twentieth year, as I was in Shushan the palace,	Geschichte Nehemias, des Sohnes Hakaljas. Und es geschah im Monat Kislew des zwanzigsten Jahres, als ich in der Burg Susan war,	PALABRAS de Nehemías, hijo de Hachâlías. Y acaeció en el mes de Chisleu, en el año veinte, estando yo en Susán, capital del reino,
Неем 1:1	Neh 1:1	Nehemia 1:1	Neh. 1:1
И пришел я в Иерусалим. И пробыв там три дня,	So I came to Jerusalem, and was there three days.	Und ich kam nach Jerusalem und war daselbst drei Tage.	Llegué pues á Jerusalem, y estado que hube allí tres días,
Неем 2:11	Neh 2:11	Nehemia 2:11	Neh. 2:11
Когда же Иисус родился в Вифлееме Иудейском во дни царя Ирода, пришли в Иерусалим волхвы с востока и говорят:	NOW when Jesus was born in Bethlehem of Judæa in the days of Herod the king, behold, there came wise men from the east to Jerusalem,	Als aber Jesus zu Bethlehem in Judäa geboren war, in den Tagen Herodes', des Königs, siehe, da kamen Magier vom Morgenlande nach Jerusalem, welche sprachen:	Y COMO fué nacido Jesús en Bethlehem de Judea en días del rey Herodes, he aquí unos magos vinieron del oriente á Jerusalem,
Мф 2:1	Matt 2:1	Matthäus 2:1	Mt. 2:1
Он встал, взял Младенца и Матерь Его ночью и пошел в Египет,	When he arose, he took the young child and his mother by night, and departed into Egypt:	Er aber stand auf, nahm das Kindlein und seine Mutter des Nachts zu sich und zog hin nach Ägypten.	Y él despertando, tomó al niño y á su madre de noche, y se fué á Egipto;
Мф 2:14	Matt 2:14	Matthäus 2:14	Mt. 2:14
И пришел в Назарет, где был воспитан, и вошел, по обыкновению Своему, в день субботний в синагогу, и встал читать.	And he came to Nazareth, where he had been brought up: and, as his custom was, he went into the synagogue on the sabbath day, and stood up for to read.	Und er kam nach Nazareth, wo er erzogen war; und er ging nach seiner Gewohnheit am Sabbathtage in die Synagoge und stand auf, um vorzulesen.	Y vino á Nazaret, donde había sido criado; y entró, conforme á su costumbre, el día del sábado en la sinagoga, y se levantó á leer.
Лк 4:16	Luke 4:16	Lukas 4:16	Lc. 4:16
Тогда приходит Иисус из Галилеи на Иордан к Иоанну креститься от него.	Then cometh Jesus from Galilee to Jordan unto John, to be baptized of him.	Dann kommt Jesus aus Galiläa an den Jordan zu Johannes, um von ihm getauft zu werden.	Entonces Jesús vino de Galilea á Juan al Jordán, para ser bautizado de él.
Мф 3:13	Matt 3:13	Matthäus 3:13	Mt. 3:13
Так положил Иисус начало чудесам в Кане Галилейской и явил славу Свою; и уверовали в Него ученики Его.	This beginning of miracles did Jesus in Cana of Galilee, and manifested forth his glory; and his disciples believed on him.	Diesen Anfang der Zeichen machte Jesus zu Kana in Galiläa und offenbarte seine Herrlichkeit; und seine Jünger glaubten an ihn.	Este principio de señales hizo Jesús en Caná de Galilea, y manifestó su gloria; y sus discípulos creyeron en él.
Ин 2:11	John 2:11	Johannes 2:11	Jn. 2:11
и, оставив Назарет, пришел и поселился в Капернауме приморском, в пределах Завулоновых и Неффалимовых,	And leaving Nazareth, he came and dwelt in Capernaum, which is upon the sea coast, in the borders of Zabulon and Nephthalim:	und er verließ Nazareth und kam und wohnte in Kapernaum, das am See liegt, in dem Gebiet von Zabulon und Nephtalim;	Y dejando á Nazaret, vino y habitó en Capernaum, ciudad marítima, en los confines de Zabulón y de Nephtalim:
Мф 4:13	Matt 4:13	Matthäus 4:13	Mt. 4:13
Итак приходит Он в город Самарийский, называемый Сихарь, близ участка земли, данного Иаковом сыну своему Иосифу.	Then cometh he to a city of Samaria, which is called Sychar, near to the parcel of ground that Jacob gave to his son Joseph.	Er kommt nun in eine Stadt Samarias, genannt Sichar, nahe bei dem Felde, welches Jakob seinem Sohne Joseph gab.	Vino, pues, á una ciudad de Samaria que se llamaba Sichâr, junto á la heredad que Jacob dió á José su hijo.
Ин 4:5	John 4:5	Johannes 4:5	Jn. 4:5
После сего Иисус пошел в город, называемый Наин; и с Ним шли многие из учеников Его и множество народа.	And it came to pass the day after, that he went into a city called Nain; and many of his disciples went with him, and much people.	Und es geschah danach, daß er in eine Stadt ging, genannt Nain, und viele seiner Jünger und eine große Volksmenge gingen mit ihm.	Y aconteció después, que él iba á la ciudad que se llama Naín, é iban con él muchos de sus discípulos, y gran compañía.
Лк 7:11	Luke 7:11	Lukas 7:11	Lc. 7:11
Приходит в Вифсаиду; и приводят к Нему слепого и просят, чтобы прикоснулся к нему.	And he cometh to Bethsaida; and they bring a blind man unto him, and besought him to touch him.	Und er kommt nach Bethsaida; und sie bringen ihm einen Blinden und bitten ihn, daß er ihn anrühre.	Y vino á Bethsaida; y le traen un ciego, y le ruegan que le tocase.
Мк 8:22	Mark 8:22	Markus 8:22	Mr. 8:22
И, выйдя оттуда, Иисус удалился в страны Тирские и Сидонские.	Then Jesus went thence, and departed into the coasts of Tyre and Sidon.	Und Jesus ging aus von dannen und entwich in die Gegenden von Tyrus und Sidon;	Y saliendo Jesús de allí, se fué á las partes de Tiro y de Sidón.
Мф 15:21	Matt 15:21	Matthäus 15:21	Mt. 15:21
Придя же в страны Кесарии Филипповой, Иисус спрашивал учеников Своих: за кого люди почитают Меня, Сына Человеческого?	When Jesus came into the coasts of Cæsarea Philippi, he asked his disciples, saying, Whom do men say that I the Son of man am?	Als aber Jesus in die Gegenden von Cäsarea Philippi gekommen war, fragte er seine Jünger und sprach: Wer sagen die Menschen, daß ich, der Sohn des Menschen, sei?	Y viniendo Jesús á las partes de Cesarea de Filipo, preguntó á sus discípulos, diciendo: ¿Quién dicen los hombres que es el Hijo del hombre?
Мф 16:13	Matt 16:13	Matthäus 16:13	Mt. 16:13
Потом Иисус вошел в Иерихон и проходил через него.	AND Jesus entered and passed through Jericho.	Und er ging hinein und zog durch Jericho.	Y HABIENDO entrado Jesús, iba pasando por Jericó;
Лк 19:1	Luke 19:1	Lukas 19:1	Lc. 19:1
За шесть дней до Пасхи пришел Иисус в Вифанию, где был Лазарь умерший, которого Он воскресил из мертвых.	THEN Jesus six days before the passover came to Bethany, where Lazarus was which had been dead, whom he raised from the dead.	Jesus nun kam sechs Tage vor dem Passah nach Bethanien, wo Lazarus, der Gestorbene, war, welchen Jesus aus den Toten auferweckt hatte.	Y JESÚS, seis días antes de la Pascua, vino á Bethania, donde estaba Lázaro, que había sido muerto, al cual había resucitado de los muertos.
Ин 12:1	John 12:1	Johannes 12:1	Jn. 12:1
И когда вошел Он в Иерусалим, весь город пришел в движение и говорил: кто Сей?	And when he was come into Jerusalem, all the city was moved, saying, Who is this?	Und als er in Jerusalem einzog, kam die ganze Stadt in Bewegung und sprach: Wer ist dieser?	Y entrando él en Jerusalem, toda la ciudad se alborotó, diciendo: ¿Quién es éste?
Мф 21:10	Matt 21:10	Matthäus 21:10	Mt. 21:10
Потом приходит с ними Иисус на место, называемое Гефсимания, и говорит ученикам: посидите тут, пока Я пойду, помолюсь там.	Then cometh Jesus with them unto a place called Gethsemane, and saith unto the disciples, Sit ye here, while I go and pray yonder.	Dann kommt Jesus mit ihnen an einen Ort, genannt Gethsemane, und er spricht zu den Jüngern: Setzet euch hier, bis ich hingegangen bin und dort gebetet habe.	Entonces llegó Jesús con ellos á la aldea que se llama Gethsemaní, y dice á sus discípulos: Sentaos aquí, hasta que vaya allí y ore.
Мф 26:36	Matt 26:36	Matthäus 26:36	Mt. 26:36
И, неся крест Свой, Он вышел на место, называемое Лобное, по-еврейски Голгофа;	And he bearing his cross went forth into a place called the place of a skull, which is called in the Hebrew Golgotha:	Und sein Kreuz tragend, ging er hinaus nach der Stätte, genannt Schädelstätte, die auf hebräisch Golgatha heißt,	Y llevando su cruz, salió al lugar que se dice de la Calavera, y en hebreo, Gólgotha;
Ин 19:17	John 19:17	Johannes 19:17	Jn. 19:17
В тот же день двое из них шли в селение, отстоящее стадий на шестьдесят от Иерусалима, называемое Эммаус; и разговаривали между собою о всех сих событиях. И когда они разговаривали и рассуждали между собою, и Сам Иисус, приблизившись, пошел с ними.	And, behold, two of them went that same day to a village called Emmaus, which was from Jerusalem about threescore furlongs. And they talked together of all these things which had happened. And it came to pass, that, while they communed together and reasoned, Jesus himself drew near, and went with them.	Und siehe, zwei von ihnen gingen an selbigem Tage nach einem Dorfe, mit Namen Emmaus, sechzig Stadien von Jerusalem entfernt. Und sie unterhielten sich miteinander über alles dieses, was sich zugetragen hatte. Und es geschah, indem sie sich unterhielten und miteinander überlegten, daß Jesus selbst nahte und mit ihnen ging;	Y he aquí, dos de ellos iban el mismo día á una aldea que estaba de Jerusalem sesenta estadios, llamada Emmaús. E iban hablando entre sí de todas aquellas cosas que habían acaecido. Y aconteció que yendo hablando entre sí, y preguntándose el uno al otro, el mismo Jesús se llegó, é iba con ellos juntamente.
Лк 24:13–15	Luke 24:13–15	Lukas 24:13–15	Lc. 24:13–15
В шестой же месяц послан был Ангел Гавриил от Бога в город Галилейский, называемый Назарет,	And in the sixth month the angel Gabriel was sent from God unto a city of Galilee, named Nazareth,	Im sechsten Monat aber wurde der Engel Gabriel von Gott gesandt in eine Stadt von Galiläa, mit Namen Nazareth,	Y al sexto mes, el ángel Gabriel fué enviado de Dios á una ciudad de Galilea, llamada Nazaret,
Лк 1:26	Luke 1:26	Lukas 1:26	Lc. 1:26
Пошел также и Иосиф из Галилеи, из города Назарета, в Иудею, в город Давидов, называемый Вифлеем, потому что он был из дома и рода Давидова, записаться с Мариею, обрученною ему женою, которая была беременна.	And Joseph also went up from Galilee, out of the city of Nazareth, into Judæa, unto the city of David, which is called Bethlehem; (because he was of the house and lineage of David:) To be taxed with Mary his espoused wife, being great with child.	Es ging aber auch Joseph von Galiläa, aus der Stadt Nazareth, hinauf nach Judäa, in Davids Stadt, welche Bethlehem heißt, weil er aus dem Hause und Geschlecht Davids war, um sich einschreiben zu lassen mit Maria, seinem verlobten Weibe, welche schwanger war.	Y subió José de Galilea, de la ciudad de Nazaret, á Judea, á la ciudad de David, que se llama Bethlehem, por cuanto era de la casa y familia de David; Para ser empadronado con María su mujer, desposada con él, la cual estaba en cinta.
Лк 2:4–5	Luke 2:4–5	Lukas 2:4–5	Lc. 2:4–5
На третий день был брак в Кане Галилейской, и Матерь Иисуса была там.	AND the third day there was a marriage in Cana of Galilee; and the mother of Jesus was there:	Und am dritten Tage war eine Hochzeit zu Kana in Galiläa; und die Mutter Jesu war daselbst.	Y AL tercer día hiciéronse unas bodas en Caná de Galilea; y estaba allí la madre de Jesús.
Ин 2:1	John 2:1	Johannes 2:1	Jn. 2:1
После сего пришел Он в Капернаум, Сам и Матерь Его, и братья Его, и ученики Его; и там пробыли немного дней.	After this he went down to Capernaum, he, and his mother, and his brethren, and his disciples: and they continued there not many days.	Nach diesem ging er hinab nach Kapernaum, er und seine Mutter und seine Brüder und seine Jünger; und daselbst blieben sie nicht viele Tage.	Después de esto descendió á Capernaum, él, y su madre, y hermanos, y discípulos; y estuvieron allí no muchos días.
Ин 2:12	John 2:12	Johannes 2:12	Jn. 2:12
При кресте Иисуса стояли Матерь Его и сестра Матери Его, Мария Клеопова, и Мария Магдалина.	Now there stood by the cross of Jesus his mother, and his mother’s sister, Mary the wife of Cleophas, and Mary Magdalene.	Es standen aber bei dem Kreuze Jesu seine Mutter und die Schwester seiner Mutter, Maria, des Kleopas Weib, und Maria Magdalene.	Y estaban junto á la cruz de Jesús su madre, y la hermana de su madre, María mujer de Cleofas, y María Magdalena.
Ин 19:25	John 19:25	Johannes 19:25	Jn. 19:25
Тогда они возвратились в Иерусалим с горы, называемой Елеон, которая находится близ Иерусалима, в расстоянии субботнего пути. … Все они единодушно пребывали в молитве и молении, с некоторыми женами и Мариею, Материю Иисуса, и с братьями Его.	Then returned they unto Jerusalem from the mount called Olivet, which is from Jerusalem a sabbath day’s journey. And when they were come in, they went up into an upper room, where abode both Peter, and James, and John, and Andrew, Philip, and Thomas, Bartholomew, and Matthew, James the son of Alphæus, and Simon Zelotes, and Judas the brother of James. These all continued with one accord in prayer and supplication, with the women, and Mary the mother of Jesus, and with his brethren.	Da kehrten sie nach Jerusalem zurück von dem Berge, welcher Ölberg heißt, der nahe bei Jerusalem ist, einen Sabbathweg entfernt. Und als sie hineingekommen waren, stiegen sie auf den Obersaal, wo sie blieben: sowohl Petrus, als Johannes und Jakobus und Andreas, Philippus und Thomas, Bartholomäus und Matthäus, Jakobus, Alphäus' Sohn, und Simon, der Eiferer, und Judas, Jakobus' Bruder. Diese alle verharrten einmütig im Gebet mit etlichen Weibern und Maria, der Mutter Jesu, und mit seinen Brüdern.	Entonces se volvieron á Jerusalem del monte que se llama del Olivar, el cual está cerca de Jerusalem camino de un sábado. Y entrados, subieron al aposento alto, donde moraban Pedro y Jacobo, y Juan y Andrés, Felipe y Tomás, Bartolomé y Mateo, Jacobo hijo de Alfeo, y Simón Zelotes, y Judas hermano de Jacobo. Todos éstos perseveraban unánimes en oración y ruego, con las mujeres, y con María la madre de Jesús, y con sus hermanos.
Деян 1:12–14	Acts 1:12–14	Apg. 1:12–14	Hch. 1:12–14
Пошел также и Иосиф из Галилеи, из города Назарета, в Иудею, в город Давидов, называемый Вифлеем, потому что он был из дома и рода Давидова,	And Joseph also went up from Galilee, out of the city of Nazareth, into Judæa, unto the city of David, which is called Bethlehem; (because he was of the house and lineage of David:)	Es ging aber auch Joseph von Galiläa, aus der Stadt Nazareth, hinauf nach Judäa, in Davids Stadt, welche Bethlehem heißt, weil er aus dem Hause und Geschlecht Davids war,	Y subió José de Galilea, de la ciudad de Nazaret, á Judea, á la ciudad de David, que se llama Bethlehem, por cuanto era de la casa y familia de David;
Лк 2:4	Luke 2:4	Lukas 2:4	Lc. 2:4
Когда же, по окончании дней праздника, возвращались, остался Отрок Иисус в Иерусалиме; и не заметили того Иосиф и Матерь Его,	And when they had fulfilled the days, as they returned, the child Jesus tarried behind in Jerusalem; and Joseph and his mother knew not of it.	und die Tage vollendet hatten, blieb bei ihrer Rückkehr der Knabe Jesus in Jerusalem zurück; und seine Eltern wußten es nicht.	Y acabados los días, volviendo ellos, se quedó el niño Jesús en Jerusalem, sin saberlo José y su madre.
Лк 2:43	Luke 2:43	Lukas 2:43	Lc. 2:43
В те дни приходит Иоанн Креститель и проповедует в пустыне Иудейской	IN those days came John the Baptist, preaching in the wilderness of Judæa,	In jenen Tagen aber kommt Johannes der Täufer und predigt in der Wüste von Judäa und spricht:	Y EN aquellos días vino Juan el Bautista predicando en el desierto de Judea,
Мф 3:1	Matt 3:1	Matthäus 3:1	Mt. 3:1
и крестились от него в Иордане, исповедуя грехи свои.	And were baptized of him in Jordan, confessing their sins.	und sie wurden von ihm im Jordan getauft, indem sie ihre Sünden bekannten.	Y eran bautizados de él en el Jordán, confesando sus pecados.
Мф 3:6	Matt 3:6	Matthäus 3:6	Mt. 3:6
Это происходило в Вифаваре при Иордане, где крестил Иоанн.	These things were done in Bethabara beyond Jordan, where John was baptizing.	Dies geschah zu Bethanien, jenseit des Jordan, wo Johannes taufte.	Estas cosas acontecieron en Betábara, de la otra parte del Jordán, donde Juan bautizaba.
Ин 1:28	John 1:28	Johannes 1:28	Jn. 1:28
Филипп же был из Вифсаиды, из одного города с Андреем и Петром.	Now Philip was of Bethsaida, the city of Andrew and Peter.	Philippus aber war von Bethsaida, aus der Stadt des Andreas und Petrus.	Y era Felipe de Bethsaida, la ciudad de Andrés y de Pedro.
Ин 1:44	John 1:44	Johannes 1:44	Jn. 1:44
Выйдя вскоре из синагоги, пришли в дом Симона и Андрея, с Иаковом и Иоанном.	And forthwith, when they were come out of the synagogue, they entered into the house of Simon and Andrew, with James and John.	Und alsbald gingen sie aus der Synagoge und kamen in das Haus Simons und Andreas', mit Jakobus und Johannes.	Y luego saliendo de la sinagoga, vinieron á casa de Simón y de Andrés, con Jacobo y Juan.
Мк 1:29	Mark 1:29	Markus 1:29	Mr. 1:29
Симон же Петр, отвечая, сказал: Ты — Христос, Сын Бога Живаго.	And Simon Peter answered and said, Thou art the Christ, the Son of the living God.	Simon Petrus aber antwortete und sprach: Du bist der Christus, der Sohn des lebendigen Gottes.	Y respondiendo Simón Pedro, dijo: Tú eres el Cristo, el Hijo del Dios viviente.
Мф 16:16	Matt 16:16	Matthäus 16:16	Mt. 16:16
Потом приходит с ними Иисус на место, называемое Гефсимания, и говорит ученикам: посидите тут, пока Я пойду, помолюсь там. И, взяв с Собою Петра и обоих сыновей Зеведеевых, начал скорбеть и тосковать.	Then cometh Jesus with them unto a place called Gethsemane, and saith unto the disciples, Sit ye here, while I go and pray yonder. And he took with him Peter and the two sons of Zebedee, and began to be sorrowful and very heavy.	Dann kommt Jesus mit ihnen an einen Ort, genannt Gethsemane, und er spricht zu den Jüngern: Setzet euch hier, bis ich hingegangen bin und dort gebetet habe. Und er nahm den Petrus und die zwei Söhne des Zebedäus mit, und fing an betrübt und beängstigt zu werden.	Entonces llegó Jesús con ellos á la aldea que se llama Gethsemaní, y dice á sus discípulos: Sentaos aquí, hasta que vaya allí y ore. Y tomando á Pedro, y á los dos hijos de Zebedeo, comenzó á entristecerse y á angustiarse en gran manera.
Мф 26:36–37	Matt 26:36–37	Matthäus 26:36–37	Mt. 26:36–37
Тогда они возвратились в Иерусалим с горы, называемой Елеон, которая находится близ Иерусалима, в расстоянии субботнего пути. И, придя, взошли в горницу, где и пребывали, Петр и Иаков, Иоанн и Андрей, Филипп и Фома, Варфоломей и Матфей, Иаков Алфеев и Симон Зилот, и Иуда, брат Иакова.	Then returned they unto Jerusalem from the mount called Olivet, which is from Jerusalem a sabbath day’s journey. And when they were come in, they went up into an upper room, where abode both Peter, and James, and John, and Andrew, Philip, and Thomas, Bartholomew, and Matthew, James the son of Alphæus, and Simon Zelotes, and Judas the brother of James.	Da kehrten sie nach Jerusalem zurück von dem Berge, welcher Ölberg heißt, der nahe bei Jerusalem ist, einen Sabbathweg entfernt. Und als sie hineingekommen waren, stiegen sie auf den Obersaal, wo sie blieben: sowohl Petrus, als Johannes und Jakobus und Andreas, Philippus und Thomas, Bartholomäus und Matthäus, Jakobus, Alphäus' Sohn, und Simon, der Eiferer, und Judas, Jakobus' Bruder.	Entonces se volvieron á Jerusalem del monte que se llama del Olivar, el cual está cerca de Jerusalem camino de un sábado. Y entrados, subieron al aposento alto, donde moraban Pedro y Jacobo, y Juan y Andrés, Felipe y Tomás, Bartolomé y Mateo, Jacobo hijo de Alfeo, y Simón Zelotes, y Judas hermano de Jacobo.
Деян 1:12–13	Acts 1:12–13	Apg. 1:12–13	Hch. 1:12–13
Находившиеся в Иерусалиме Апостолы, услышав, что Самаряне приняли слово Божие, послали к ним Петра и Иоанна,	Now when the apostles which were at Jerusalem heard that Samaria had received the word of God, they sent unto them Peter and John:	Als aber die Apostel, welche in Jerusalem waren, gehört hatten, daß Samaria das Wort Gottes angenommen habe, sandten sie Petrus und Johannes zu ihnen;	Y los apóstoles que estaban en Jerusalem, habiendo oído que Samaria había recibido la palabra de Dios, les enviaron á Pedro y á Juan:
Деян 8:14	Acts 8:14	Apg. 8:14	Hch. 8:14
Случилось, что Петр, обходя всех, пришел и к святым, живущим в Лидде.	And it came to pass, as Peter passed throughout all quarters, he came down also to the saints which dwelt at Lydda.	Es geschah aber, daß Petrus, indem er allenthalben hindurchzog, auch zu den Heiligen hinabkam, die zu Lydda wohnten.	Y aconteció que Pedro, andándolos á todos, vino también á los santos que habitaban en Lydda.
Деян 9:32	Acts 9:32	Apg. 9:32	Hch. 9:32
Петр выслал всех вон и, преклонив колени, помолился, и, обратившись к телу, сказал: Тавифа! встань. И она открыла глаза свои и, увидев Петра, села.	But Peter put them all forth, and kneeled down, and prayed; and turning him to the body said, Tabitha, arise. And she opened her eyes: and when she saw Peter, she sat up.	Petrus aber trieb alle hinaus, kniete nieder und betete. Und er wandte sich zu dem Leichnam und sprach: Tabitha, stehe auf! Sie aber schlug ihre Augen auf, und als sie den Petrus sah, setzte sie sich auf.	Entonces echados fuera todos, Pedro puesto de rodillas, oró; y vuelto al cuerpo, dijo: Tabita, levántate. Y ella abrió los ojos, y viendo á Pedro, incorporóse.
Деян 9:40	Acts 9:40	Apg. 9:40	Hch. 9:40
В следующий день пришли они в Кесарию. Корнилий же ожидал их, созвав родственников своих и близких друзей.	And the morrow after they entered into Cæsarea. And Cornelius waited for them, and had called together his kinsmen and near friends.	und des folgenden Tages kamen sie nach Cäsarea. Kornelius aber, der seine Verwandten und nächsten Freunde zusammengerufen hatte, erwartete sie.	Y al otro día entraron en Cesarea. Y Cornelio los estaba esperando, habiendo llamado á sus parientes y los amigos más familiares.
Деян 10:24	Acts 10:24	Apg. 10:24	Hch. 10:24
Когда же Петр пришел в Антиохию, то я лично противостал ему, потому что он подвергался нареканию.	But when Peter was come to Antioch, I withstood him to the face, because he was to be blamed.	Als aber Kephas nach Antiochien kam, widerstand ich ihm ins Angesicht, weil er dem Urteil verfallen war.	Empero viniendo Pedro á Antioquía, le resistí en la cara, porque era de condenar.
Гал 2:11	Gal 2:11	Galater 2:11	Gá. 2:11
были вместе Симон Петр, и Фома, называемый Близнец, и Нафанаил из Каны Галилейской, и сыновья Зеведеевы, и двое других из учеников Его.	There were together Simon Peter, and Thomas called Didymus, and Nathanael of Cana in Galilee, and the sons of Zebedee, and two other of his disciples.	Simon Petrus und Thomas, genannt Zwilling, und Nathanael, der von Kana in Galiläa war, und die Söhne des Zebedäus und zwei andere von seinen Jüngern waren zusammen. Simon Petrus spricht zu ihnen:	Estaban juntos Simón Pedro, y Tomás, llamado el Dídimo, y Natanael, el que era de Caná de Galilea, y los hijos de Zebedeo, y otros dos de sus discípulos.
Ин 21:2	John 21:2	Johannes 21:2	Jn. 21:2
Потом Иисус вошел в Иерихон и проходил через него. И вот, некто, именем Закхей, начальник мытарей и человек богатый,	AND Jesus entered and passed through Jericho. And, behold, there was a man named Zacchæus, which was the chief among the publicans, and he was rich.	Und er ging hinein und zog durch Jericho. Und siehe, da war ein Mann, mit Namen Zachäus, und selbiger war ein Oberzöllner, und er war reich.	Y HABIENDO entrado Jesús, iba pasando por Jericó; Y he aquí un varón llamado Zaqueo, el cual era el principal de los publicanos, y era rico;
Лк 19:1–2	Luke 19:1–2	Lukas 19:1–2	Lc. 19:1–2
Был болен некто Лазарь из Вифании, из селения, где жили Мария и Марфа, сестра ее.	NOW a certain man was sick, named Lazarus, of Bethany, the town of Mary and her sister Martha.	Es war aber ein Gewisser krank, Lazarus von Bethanien, aus dem Dorfe der Maria und ihrer Schwester Martha.	ESTABA entonces enfermo uno llamado Lázaro, de Bethania, la aldea de María y de Marta su hermana.
Ин 11:1	John 11:1	Johannes 11:1	Jn. 11:1
И слово Божие росло, и число учеников весьма умножалось в Иерусалиме; и из священников очень многие покорились вере. А Стефан, исполненный веры и силы, совершал великие чудеса и знамения в народе.	And the word of God increased; and the number of the disciples multiplied in Jerusalem greatly; and a great company of the priests were obedient to the faith. And Stephen, full of faith and power, did great wonders and miracles among the people.	Und das Wort Gottes wuchs, und die Zahl der Jünger in Jerusalem vermehrte sich sehr; und eine große Menge der Priester wurde dem Glauben gehorsam. Stephanus aber, voll Gnade und Kraft, tat Wunder und große Zeichen unter dem Volke.	Y crecía la palabra del Señor, y el número de los discípulos se multiplicaba mucho en Jerusalem: también una gran multitud de los sacerdotes obedecía á la fe. Empero Esteban, lleno de gracia y de potencia, hacía prodigios y milagros grandes en el pueblo.
Деян 6:7–8	Acts 6:7–8	Apg. 6:7–8	Hch. 6:7–8
Так Филипп пришел в город Самарийский и проповедывал им Христа.	Then Philip went down to the city of Samaria, and preached Christ unto them.	Philippus aber ging hinab in eine Stadt Samarias und predigte ihnen den Christus.	Entonces Felipe, descendiendo á la ciudad de Samaria, les predicaba á Cristo.
Деян 8:5	Acts 8:5	Apg. 8:5	Hch. 8:5
А Филипп оказался в Азоте и, проходя, благовествовал всем городам, пока пришел в Кесарию.	But Philip was found at Azotus: and passing through he preached in all the cities, till he came to Cæsarea.	Philippus aber wurde zu Asdod gefunden; und indem er hindurchzog, verkündigte er das Evangelium allen Städten, bis er nach Cäsarea kam.	Felipe empero se halló en Azoto: y pasando, anunciaba el evangelio en todas las ciudades, hasta que llegó á Cesarea.
Деян 8:40	Acts 8:40	Apg. 8:40	Hch. 8:40
А на другой день Павел и мы, бывшие с ним, выйдя, пришли в Кесарию и, войдя в дом Филиппа благовестника, одного из семи диаконов, остались у него.	And the next day we that were of Paul’s company departed, and came unto Cæsarea: and we entered into the house of Philip the evangelist, which was one of the seven; and abode with him.	Des folgenden Tages aber zogen wir aus und kamen nach Cäsarea; und wir gingen in das Haus des Philippus, des Evangelisten, der einer von den sieben war, und blieben bei ihm.	Y otro día, partidos Pablo y los que con él estábamos, vinimos á Cesarea: y entrando en casa de Felipe el evangelista, el cual era uno de los siete, posamos con él.
Деян 21:8	Acts 21:8	Apg. 21:8	Hch. 21:8
В Иоппии находилась одна ученица, именем Тавифа, что значит: "серна"; она была исполнена добрых дел и творила много милостынь.	Now there was at Joppa a certain disciple named Tabitha, which by interpretation is called Dorcas: this woman was full of good works and almsdeeds which she did.	In Joppe aber war eine gewisse Jüngerin, mit Namen Tabitha, was verdolmetscht heißt: Dorkas; diese war voll guter Werke und Almosen, die sie übte.	Entonces en Joppe había una discípula llamada Tabita, que si lo declaras, quiere decir Dorcas. Esta era llena de buenas obras y de limosnas que hacía.
Деян 9:36	Acts 9:36	Apg. 9:36	Hch. 9:36
В Кесарии был некоторый муж, именем Корнилий, сотник из полка, называемого Италийским,	THERE was a certain man in Cæsarea called Cornelius, a centurion of the band called the Italian band,	Ein gewisser Mann aber in Cäsarea, mit Namen Kornelius, ein Hauptmann von der sogenannten italischen Schar,	Y HABÍA un varón en Cesarea llamado Cornelio, centurión de la compañía que se llamaba la Italiana,
Деян 10:1	Acts 10:1	Apg. 10:1	Hch. 10:1
Господь же сказал ему: встань и пойди на улицу, так называемую Прямую, и спроси в Иудином доме Тарсянина, по имени Савла; он теперь молится,	And the Lord said unto him, Arise, and go into the street which is called Straight, and inquire in the house of Judas for one called Saul, of Tarsus: for, behold, he prayeth,	Der Herr aber sprach zu ihm: Stehe auf und geh in die Straße, welche die gerade genannt wird, und frage im Hause des Judas nach einem, mit Namen Saulus, von Tarsus, denn siehe, er betet;	Y el Señor le dijo: Levántate, y ve á la calle que se llama la Derecha, y busca en casa de Judas á uno llamado Saulo, de Tarso: porque he aquí, él ora;
Деян 9:11	Acts 9:11	Apg. 9:11	Hch. 9:11
Савл прибыл в Иерусалим и старался пристать к ученикам; но все боялись его, не веря, что он ученик.	And when Saul was come to Jerusalem, he assayed to join himself to the disciples: but they were all afraid of him, and believed not that he was a disciple.	Als er aber nach Jerusalem gekommen war, versuchte er, sich den Jüngern anzuschließen; und alle fürchteten sich vor ihm, da sie nicht glaubten, daß er ein Jünger sei.	Y como vino á Jerusalem, tentaba de juntarse con los discípulos; mas todos tenían miedo de él, no creyendo que era discípulo.
Деян 9:26	Acts 9:26	Apg. 9:26	Hch. 9:26
Савл встал с земли, и с открытыми глазами никого не видел. И повели его за руки, и привели в Дамаск.	And Saul arose from the earth; and when his eyes were opened, he saw no man: but they led him by the hand, and brought him into Damascus.	Saulus aber richtete sich von der Erde auf. Als aber seine Augen aufgetan waren, sah er niemand. Und sie leiteten ihn bei der Hand und führten ihn nach Damaskus.	Entonces Saulo se levantó de tierra, y abriendo los ojos, no veía á nadie: así que, llevándole por la mano, metiéronle en Damasco;
Деян 9:8	Acts 9:8	Apg. 9:8	Hch. 9:8
Целый год собирались они в церкви и учили немалое число людей, и ученики в Антиохии в первый раз стали называться Христианами.	And when he had found him, he brought him unto Antioch. And it came to pass, that a whole year they assembled themselves with the church, and taught much people. And the disciples were called Christians first in Antioch.	Es geschah ihnen aber, daß sie ein ganzes Jahr in der Versammlung zusammenkamen und eine zahlreiche Menge lehrten, und daß die Jünger zuerst in Antiochien Christen genannt wurden.	Y conversaron todo un año allí con la iglesia, y enseñaron á mucha gente; y los discípulos fueron llamados Cristianos primeramente en Antioquía.
Деян 11:26	Acts 11:26	Apg. 11:26	Hch. 11:26
и, быв в Саламине, проповедывали слово Божие в синагогах Иудейских; имели же при себе и Иоанна для служения.	And when they were at Salamis, they preached the word of God in the synagogues of the Jews: and they had also John to their minister.	Und als sie in Salamis waren, verkündigten sie das Wort Gottes in den Synagogen der Juden. Sie hatten aber auch Johannes zum Diener.	Y llegados á Salamina, anunciaban la palabra de Dios en las sinagogas de los Judíos: y tenían también á Juan en el ministerio.
Деян 13:5	Acts 13:5	Apg. 13:5	Hch. 13:5
Отплыв из Пафа, Павел и бывшие при нем прибыли в Пергию, в Памфилии. Но Иоанн, отделившись от них, возвратился в Иерусалим.	Now when Paul and his company loosed from Paphos, they came to Perga in Pamphylia: and John departing from them returned to Jerusalem.	Als aber Paulus und seine Begleiter von Paphos abgefahren waren, kamen sie nach Perge in Pamphylien. Johannes aber sonderte sich von ihnen ab und kehrte nach Jerusalem zurück.	Y partidos de Papho, Pablo y sus compañeros arribaron á Perge de Pamphylia: entonces Juan, apartándose de ellos, se volvió á Jerusalem.
Деян 13:13	Acts 13:13	Apg. 13:13	Hch. 13:13
Они же, проходя от Пергии, прибыли в Антиохию Писидийскую и, войдя в синагогу в день субботний, сели.	But when they departed from Perga, they came to Antioch in Pisidia, and went into the synagogue on the sabbath day, and sat down.	Sie aber zogen von Perge aus hindurch und kamen nach Antiochien in Pisidien; und sie gingen am Tage des Sabbaths in die Synagoge und setzten sich.	Y ellos pasando de Perge, llegaron á Antioquía de Pisidia, y entrando en la sinagoga un día de sábado, sentáronse.
Деян 13:14	Acts 13:14	Apg. 13:14	Hch. 13:14
В Иконии они вошли вместе в Иудейскую синагогу и говорили так, что уверовало великое множество Иудеев и Еллинов.	AND it came to pass in Iconium, that they went both together into the synagogue of the Jews, and so spake, that a great multitude both of the Jews and also of the Greeks believed.	Es geschah aber zu Ikonium, daß sie zusammen in die Synagoge der Juden gingen und also redeten, daß eine große Menge, sowohl von Juden als auch von Griechen, glaubte.	Y ACONTECIÓ en Iconio, que entrados juntamente en la sinagoga de los Judíos, hablaron de tal manera, que creyó una grande multitud de Judíos, y asimismo de Griegos.
Деян 14:1	Acts 14:1	Apg. 14:1	Hch. 14:1
В Листре некоторый муж, не владевший ногами, сидел, будучи хром от чрева матери своей, и никогда не ходил. Он слушал говорившего Павла, который, взглянув на него и увидев, что он имеет веру для получения исцеления,	And there sat a certain man at Lystra, impotent in his feet, being a cripple from his mother’s womb, who never had walked: The same heard Paul speak: who stedfastly beholding him, and perceiving that he had faith to be healed,	Und ein gewisser Mann in Lystra saß da, kraftlos an den Füßen, lahm von seiner Mutter Leibe an, der niemals gewandelt hatte. Dieser hörte Paulus reden, welcher, als er unverwandt auf ihn hinblickte und sah, daß er Glauben hatte, geheilt zu werden, mit lauter Stimme sprach:	Y un hombre de Listra, impotente de los pies, estaba sentado, cojo desde el vientre de su madre, que jamás había andado. Este oyó hablar á Pablo; el cual, como puso los ojos en él, y vió que tenía fe para ser sano,
Деян 14:8–9	Acts 14:8–9	Apg. 14:8–9	Hch. 14:8–9
Когда же ученики собрались около него, он встал и пошел в город, а на другой день удалился с Варнавою в Дервию.	Howbeit, as the disciples stood round about him, he rose up, and came into the city: and the next day he departed with Barnabas to Derbe.	Als aber die Jünger ihn umringten, stand er auf und ging in die Stadt hinein; und des folgenden Tages zog er mit Barnabas aus nach Derbe.	Mas rodeándole los discípulos, se levantó y entró en la ciudad; y un día después, partió con Bernabé á Derbe.
Деян 14:20	Acts 14:20	Apg. 14:20	Hch. 14:20
Миновав же Мисию, сошли они в Троаду. И было ночью видение Павлу: предстал некий муж, Македонянин, прося его и говоря: приди в Македонию и помоги нам.	And they passing by Mysia came down to Troas. And a vision appeared to Paul in the night; There stood a man of Macedonia, and prayed him, saying, Come over into Macedonia, and help us.	Als sie aber an Mysien vorübergezogen waren, gingen sie nach Troas hinab. Und es erschien dem Paulus in der Nacht ein Gesicht: Ein gewisser macedonischer Mann stand da und bat ihn und sprach: Komm herüber nach Macedonien und hilf uns!	Y pasando á Misia, descendieron á Troas. Y fué mostrada á Pablo de noche una visión: Un varón Macedonio se puso delante, rogándole, y diciendo: Pasa á Macedonia, y ayúdanos.
Деян 16:8–9	Acts 16:8–9	Apg. 16:8–9	Hch. 16:8–9
оттуда же в Филиппы: это первый город в той части Македонии, колония. В этом городе мы пробыли несколько дней.	And from thence to Philippi, which is the chief city of that part of Macedonia, and a colony: and we were in that city abiding certain days.	und von da nach Philippi, welches die erste Stadt jenes Teiles von Macedonien ist, eine Kolonie. In dieser Stadt aber verweilten wir einige Tage.	Y de allí á Filipos, que es la primera ciudad de la parte de Macedonia, y una colonia; y estuvimos en aquella ciudad algunos días.
Деян 16:12	Acts 16:12	Apg. 16:12	Hch. 16:12
Пройдя через Амфиполь и Аполлонию, они пришли в Фессалонику, где была Иудейская синагога. Павел, по своему обыкновению, вошел к ним и три субботы говорил с ними из Писаний,	NOW when they had passed through Amphipolis and Apollonia, they came to Thessalonica, where was a synagogue of the Jews: And Paul, as his manner was, went in unto them, and three sabbath days reasoned with them out of the scriptures,	Nachdem sie aber durch Amphipolis und Apollonia gereist waren, kamen sie nach Thessalonich, wo die Synagoge der Juden war. Nach seiner Gewohnheit aber ging Paulus zu ihnen hinein und unterredete sich an drei Sabbathen mit ihnen aus den Schriften,	Y PASANDO por Amphípolis y Apolonia, llegaron á Tesalónica, donde estaba la sinagoga de los Judíos. Y Pablo, como acostumbraba, entró á ellos, y por tres sábados disputó con ellos de las Escrituras,
Деян 17:1–2	Acts 17:1–2	Apg. 17:1–2	Hch. 17:1–2
Братия же немедленно ночью отправили Павла и Силу в Верию, куда они прибыв, пошли в синагогу Иудейскую.	And the brethren immediately sent away Paul and Silas by night unto Berea: who coming thither went into the synagogue of the Jews.	Die Brüder aber sandten alsbald in der Nacht sowohl Paulus als Silas nach Beröa, welche, als sie angekommen waren, in die Synagoge der Juden gingen.	Entonces los hermanos, luego de noche, enviaron á Pablo y á Silas á Berea; los cuales habiendo llegado, entraron en la sinagoga de los Judíos.
Деян 17:10	Acts 17:10	Apg. 17:10	Hch. 17:10
В ожидании их в Афинах Павел возмутился духом при виде этого города, полного идолов.	Now while Paul waited for them at Athens, his spirit was stirred in him, when he saw the city wholly given to idolatry.	Während aber Paulus sie in Athen erwartete, wurde sein Geist in ihm erregt, da er die Stadt voll von Götzenbildern sah.	Y esperándolos Pablo en Atenas, su espíritu se deshacía en él viendo la ciudad dada á idolatría.
Деян 17:16	Acts 17:16	Apg. 17:16	Hch. 17:16
После сего Павел, оставив Афины, пришел в Коринф;	AFTER these things Paul departed from Athens, and came to Corinth;	Nach diesem aber schied er von Athen und kam nach Korinth.	PASADAS estas cosas, Pablo partió de Atenas, y vino á Corinto.
Деян 18:1	Acts 18:1	Apg. 18:1	Hch. 18:1
Во время пребывания Аполлоса в Коринфе Павел, пройдя верхние страны, прибыл в Ефес и, найдя там некоторых учеников,	AND it came to pass, that, while Apollos was at Corinth, Paul having passed through the upper coasts came to Ephesus: and finding certain disciples,	Es geschah aber, während Apollos in Korinth war, daß Paulus, nachdem er die oberen Gegenden durchzogen hatte, nach Ephesus kam. Und er fand etliche Jünger	Y ACONTECIÓ que entre tanto que Apolos estaba en Corinto, Pablo, andadas las regiones superiores, vino á Efeso, y hallando ciertos discípulos,
Деян 19:1	Acts 19:1	Apg. 19:1	Hch. 19:1
Из Милита же послав в Ефес, он призвал пресвитеров церкви,	And from Miletus he sent to Ephesus, and called the elders of the church.	Von Milet aber sandte er nach Ephesus und rief die Ältesten der Versammlung herüber.	Y enviando desde Mileto á Efeso, hizo llamar á los ancianos de la iglesia.
Деян 20:17	Acts 20:17	Apg. 20:17	Hch. 20:17
А те, придя в Кесарию и отдав письмо правителю, представили ему и Павла.	Who, when they came to Cæsarea, and delivered the epistle to the governor, presented Paul also before him.	Und als diese nach Cäsarea gekommen waren, übergaben sie dem Landpfleger den Brief und stellten ihm auch den Paulus dar.	Y como llegaron á Cesarea, y dieron la carta al gobernador, presentaron también á Pablo delante de él.
Деян 23:33	Acts 23:33	Apg. 23:33	Hch. 23:33
Спасшись же, бывшие с Павлом узнали, что остров называется Мелит.	AND when they were escaped, then they knew that the island was called Melita.	Und als wir gerettet waren, da erfuhren wir, daß die Insel Melite heiße.	Y CUANDO escapamos, entonces supimos que la isla se llamaba Melita.
Деян 28:1	Acts 28:1	Apg. 28:1	Hch. 28:1
и, приплыв в Сиракузы, пробыли там три дня.	And landing at Syracuse, we tarried there three days.	Und als wir in Syrakus gelandet waren, blieben wir drei Tage.	Y llegados á Siracusa, estuvimos allí tres días.
Деян 28:12	Acts 28:12	Apg. 28:12	Hch. 28:12
Оттуда отплыв, прибыли в Ригию; и как через день подул южный ветер, прибыли на второй день в Путеол,	And from thence we fetched a compass, and came to Rhegium: and after one day the south wind blew, and we came the next day to Puteoli:	Von dort fuhren wir herum und kamen nach Rhegium; und da nach einem Tage sich ein Südwind erhob, kamen wir den zweiten Tag nach Puteoli,	De allí, costeando alrededor, vinimos á Regio; y otro día después, soplando el austro, vinimos al segundo día á Puteolos:
Деян 28:13	Acts 28:13	Apg. 28:13	Hch. 28:13
Когда же пришли мы в Рим, то сотник передал узников военачальнику, а Павлу позволено жить особо с воином, стерегущим его.	And when we came to Rome, the centurion delivered the prisoners to the captain of the guard: but Paul was suffered to dwell by himself with a soldier that kept him.	Als wir aber nach Rom kamen, überlieferte der Hauptmann die Gefangenen dem Oberbefehlshaber; aber dem Paulus wurde erlaubt, mit dem Kriegsknechte, der ihn bewachte, für sich zu bleiben.	Y como llegamos á Roma, el centurión entregó los presos al prefecto de los ejércitos, mas á Pablo fué permitido estar por sí, con un soldado que le guardase.
Деян 28:16	Acts 28:16	Apg. 28:16	Hch. 28:16
Савл прибыл в Иерусалим и старался пристать к ученикам; но все боялись его, не веря, что он ученик. Варнава же, взяв его, пришел к Апостолам и рассказал им, как на пути он видел Господа, и что говорил ему Господь, и как он в Дамаске смело проповедывал во имя Иисуса.	And when Saul was come to Jerusalem, he assayed to join himself to the disciples: but they were all afraid of him, and believed not that he was a disciple. But Barnabas took him, and brought him to the apostles, and declared unto them how he had seen the Lord in the way, and that he had spoken to him, and how he had preached boldly at Damascus in the name of Jesus.	Als er aber nach Jerusalem gekommen war, versuchte er, sich den Jüngern anzuschließen; und alle fürchteten sich vor ihm, da sie nicht glaubten, daß er ein Jünger sei. Barnabas aber nahm ihn und brachte ihn zu den Aposteln und erzählte ihnen, wie er auf dem Wege den Herrn gesehen habe, und daß derselbe zu ihm geredet, und wie er in Damaskus freimütig im Namen Jesu gesprochen habe.	Y como vino á Jerusalem, tentaba de juntarse con los discípulos; mas todos tenían miedo de él, no creyendo que era discípulo. Entonces Bernabé, tomándole, lo trajo á los apóstoles, y contóles cómo había visto al Señor en el camino, y que le había hablado, y cómo en Damasco había hablado confiadamente en el nombre de Jesús.
Деян 9:26–27	Acts 9:26–27	Apg. 9:26–27	Hch. 9:26–27
Дошел слух о сем до церкви Иерусалимской, и поручили Варнаве идти в Антиохию.	Then tidings of these things came unto the ears of the church which was in Jerusalem: and they sent forth Barnabas, that he should go as far as Antioch.	Es kam aber die Rede von ihnen zu den Ohren der Versammlung, die in Jerusalem war, und sie sandten Barnabas aus, daß er hindurchzöge bis nach Antiochien;	Y llegó la fama de estas cosas á oídos de la iglesia que estaba en Jerusalem: y enviaron á Bernabé que fuese hasta Antioquía.
Деян 11:22	Acts 11:22	Apg. 11:22	Hch. 11:22
Потом Варнава пошел в Тарс искать Савла и, найдя его, привел в Антиохию.	Then departed Barnabas to Tarsus, for to seek Saul:	Er zog aber aus nach Tarsus, um Saulus aufzusuchen; und als er ihn gefunden hatte, brachte er ihn nach Antiochien.	Después partió Bernabé á Tarso á buscar á Saulo; y hallado, le trajo á Antioquía.
Деян 11:25	Acts 11:25	Apg. 11:25	Hch. 11:25
Они же, отрясши на них прах от ног своих, пошли в Иконию.	But they shook off the dust of their feet against them, and came unto Iconium.	Sie aber schüttelten den Staub von ihren Füßen wider sie ab und kamen nach Ikonium.	Ellos entonces sacudiendo en ellos el polvo de sus pies, vinieron á Iconio.
Деян 13:51	Acts 13:51	Apg. 13:51	Hch. 13:51
И называли Варнаву Зевсом, а Павла Ермием, потому что он начальствовал в слове.	And they called Barnabas, Jupiter; and Paul, Mercurius, because he was the chief speaker.	Und sie nannten den Barnabas Zeus, den Paulus aber Hermes, weil er das Wort führte.	Y á Bernabé llamaban Júpiter, y á Pablo, Mercurio, porque era el que llevaba la palabra.
Деян 14:12	Acts 14:12	Apg. 14:12	Hch. 14:12
И некоторые из них уверовали и присоединились к Павлу и Силе, как из Еллинов, чтущих Бога, великое множество, так и из знатных женщин немало.	And some of them believed, and consorted with Paul and Silas; and of the devout Greeks a great multitude, and of the chief women not a few.	Und etliche von ihnen glaubten und gesellten sich zu Paulus und Silas, und von den anbetenden Griechen eine große Menge und der vornehmsten Frauen nicht wenige.	Y algunos de ellos creyeron, y se juntaron con Pablo y con Silas; y de los Griegos religiosos grande multitud, y mujeres nobles no pocas.
Деян 17:4	Acts 17:4	Apg. 17:4	Hch. 17:4
А когда пришли из Македонии Сила и Тимофей, то Павел понуждаем был духом свидетельствовать Иудеям, что Иисус есть Христос.	And when Silas and Timotheus were come from Macedonia, Paul was pressed in the spirit, and testified to the Jews that Jesus was Christ.	Als aber sowohl Silas als Timotheus aus Macedonien herabkamen, wurde Paulus hinsichtlich des Wortes gedrängt und bezeugte den Juden, daß Jesus der Christus sei.	Y cuando Silas y Timoteo vinieron de Macedonia, Pablo estaba constreñido por la palabra, testificando á los Judíos que Jesús era el Cristo.
Деян 18:5	Acts 18:5	Apg. 18:5	Hch. 18:5
Дошел он до Дервии и Листры. И вот, там был некоторый ученик, именем Тимофей, которого мать была Иудеянка уверовавшая, а отец Еллин,	THEN came he to Derbe and Lystra: and, behold, a certain disciple was there, named Timotheus, the son of a certain woman, which was a Jewess, and believed; but his father was a Greek:	Er gelangte aber nach Derbe und Lystra. Und siehe, daselbst war ein gewisser Jünger, mit Namen Timotheus, der Sohn eines jüdischen gläubigen Weibes, aber eines griechischen Vaters;	DESPUÉS llegó á Derbe, y á Listra: y he aquí, estaba allí un discípulo llamado Timoteo, hijo de una mujer Judía fiel, mas de padre Griego.
Деян 16:1	Acts 16:1	Apg. 16:1	Hch. 16:1
Но когда Фессалоникские Иудеи узнали, что и в Верии проповедано Павлом слово Божие, то пришли и туда, возбуждая и возмущая народ. Тогда братия тотчас отпустили Павла, как будто идущего к морю; а Сила и Тимофей остались там.	But when the Jews of Thessalonica had knowledge that the word of God was preached of Paul at Berea, they came thither also, and stirred up the people. And then immediately the brethren sent away Paul to go as it were to the sea: but Silas and Timotheus abode there still.	Als aber die Juden von Thessalonich erfuhren, daß auch in Beröa das Wort Gottes von Paulus verkündigt wurde, kamen sie auch dorthin und erregten die Volksmengen. Da sandten aber die Brüder alsbald den Paulus fort, um nach dem Meere hin zu gehen. Aber sowohl Silas als Timotheus blieben daselbst.	Mas como entendieron los Judíos de Tesalónica que también en Berea era anunciada la palabra de Dios por Pablo, fueron, y también allí tumultuaron al pueblo. Empero luego los hermanos enviaron á Pablo que fuese como á la mar; y Silas y Timoteo se quedaron allí.
Деян 17:13–14	Acts 17:13–14	Apg. 17:13–14	Hch. 17:13–14
И потому, не терпя более, мы восхотели остаться в Афинах одни, и послали Тимофея, брата нашего и служителя Божия и сотрудника нашего в благовествовании Христовом, чтобы утвердить вас и утешить в вере вашей,	WHEREFORE when we could no longer forbear, we thought it good to be left at Athens alone; And sent Timotheus, our brother, and minister of God, and our fellowlabourer in the gospel of Christ, to establish you, and to comfort you concerning your faith:	Deshalb, da wir es nicht länger aushalten konnten, gefiel es uns, in Athen allein gelassen zu werden, und wir sandten Timotheus, unseren Bruder und Mitarbeiter Gottes in dem Evangelium des Christus, um euch zu befestigen und zu trösten eures Glaubens halber,	POR lo cual, no pudiendo esperar más, acordamos quedarnos solos en Atenas, Y enviamos á Timoteo, nuestro hermano, y ministro de Dios, y colaborador nuestro en el evangelio de Cristo, á confirmaros y exhortaros en vuestra fe,
1 Фес 3:1–2	1 Thess 3:1–2	1. Thess. 3:1–2	1 Ts. 3:1–2
Отходя в Македонию, я просил тебя пребыть в Ефесе и увещевать некоторых, чтобы они не учили иному	As I besought thee to abide still at Ephesus, when I went into Macedonia, that thou mightest charge some that they teach no other doctrine,	So wie ich dich bat, als ich nach Macedonien reiste, in Ephesus zu bleiben, auf daß du etlichen gebötest, nicht andere Lehren zu lehren,	Como te rogué que te quedases en Efeso, cuando partí para Macedonia, para que requirieses á algunos que no enseñen diversa doctrina,
1 Тим 1:3	1 Tim 1:3	1. Tim. 1:3	1 Ti. 1:3
И одна женщина из города Фиатир, именем Лидия, торговавшая багряницею, чтущая Бога, слушала; и Господь отверз сердце ее внимать тому, что говорил Павел.	And a certain woman named Lydia, a seller of purple, of the city of Thyatira, which worshipped God, heard us: whose heart the Lord opened, that she attended unto the things which were spoken of Paul.	Und ein gewisses Weib, mit Namen Lydia, eine Purpurkrämerin aus der Stadt Thyatira, welche Gott anbetete, hörte zu, deren Herz der Herr auftat, daß sie achtgab auf das, was von Paulus geredet wurde.	Entonces una mujer llamada Lidia, que vendía púrpura en la ciudad de Tiatira, temerosa de Dios, estaba oyendo; el corazón de la cual abrió el Señor para que estuviese atenta á lo que Pablo decía.
Деян 16:14	Acts 16:14	Apg. 16:14	Hch. 16:14
Когда же крестилась она и домашние ее, то просила нас, говоря: если вы признали меня верною Господу, то войдите в дом мой и живите у меня. И убедила нас.	And a certain woman named Lydia, a seller of purple, of the city of Thyatira, which worshipped God, heard us: whose heart the Lord opened, that she attended unto the things which were spoken of Paul.	Und ein gewisses Weib, mit Namen Lydia, eine Purpurkrämerin aus der Stadt Thyatira, welche Gott anbetete, hörte zu, deren Herz der Herr auftat, daß sie achtgab auf das, was von Paulus geredet wurde.	Entonces una mujer llamada Lidia, que vendía púrpura en la ciudad de Tiatira, temerosa de Dios, estaba oyendo; el corazón de la cual abrió el Señor para que estuviese atenta á lo que Pablo decía.
Деян 16:15	Acts 16:14	Apg. 16:14	Hch. 16:14
и, найдя некоторого Иудея, именем Акилу, родом Понтянина, недавно пришедшего из Италии, и Прискиллу, жену его, — потому что Клавдий повелел всем Иудеям удалиться из Рима, — пришел к ним;	And found a certain Jew named Aquila, born in Pontus, lately come from Italy, with his wife Priscilla; (because that Claudius had commanded all Jews to depart from Rome:) and came unto them.	Und als er einen gewissen Juden fand, mit Namen Aquila, aus Pontus gebürtig, der kürzlich aus Italien gekommen war, und Priscilla, sein Weib, (weil Klaudius befohlen hatte, daß alle Juden sich aus Rom entfernen sollten), ging er zu ihnen,	Y hallando á un Judío llamado Aquila, natural del Ponto, que hacía poco que había venido de Italia, y á Priscila su mujer, (porque Claudio había mandado que todos los Judíos saliesen de Roma) se vino á ellos;
Деян 18:2	Acts 18:2	Apg. 18:2	Hch. 18:2
После сего Павел, оставив Афины, пришел в Коринф; и, найдя некоторого Иудея, именем Акилу, родом Понтянина, недавно пришедшего из Италии, и Прискиллу, жену его, — потому что Клавдий повелел всем Иудеям удалиться из Рима, — пришел к ним;	AFTER these things Paul departed from Athens, and came to Corinth; And found a certain Jew named Aquila, born in Pontus, lately come from Italy, with his wife Priscilla; (because that Claudius had commanded all Jews to depart from Rome:) and came unto them.	Nach diesem aber schied er von Athen und kam nach Korinth. Und als er einen gewissen Juden fand, mit Namen Aquila, aus Pontus gebürtig, der kürzlich aus Italien gekommen war, und Priscilla, sein Weib, (weil Klaudius befohlen hatte, daß alle Juden sich aus Rom entfernen sollten), ging er zu ihnen,	PASADAS estas cosas, Pablo partió de Atenas, y vino á Corinto. Y hallando á un Judío llamado Aquila, natural del Ponto, que hacía poco que había venido de Italia, y á Priscila su mujer, (porque Claudio había mandado que todos los Judíos saliesen de Roma) se vino á ellos;
Деян 18:1–2	Acts 18:1–2	Apg. 18:1–2	Hch. 18:1–2
Достигнув Ефеса, оставил их там, а сам вошел в синагогу и рассуждал с Иудеями.	And he came to Ephesus, and left them there: but he himself entered into the synagogue, and reasoned with the Jews.	Er kam aber nach Ephesus und ließ jene daselbst; er selbst aber ging in die Synagoge und unterredete sich mit den Juden.	Y llegó á Efeso, y los dejó allí: y él entrando en la sinagoga, disputó con los Judíos,
Деян 18:19	Acts 18:19	Apg. 18:19	Hch. 18:19
Некто Иудей, именем Аполлос, родом из Александрии, муж красноречивый и сведущий в Писаниях, пришел в Ефес.	And a certain Jew named Apollos, born at Alexandria, an eloquent man, and mighty in the scriptures, came to Ephesus.	Ein gewisser Jude aber, mit Namen Apollos, aus Alexandrien gebürtig, ein beredter Mann, der mächtig war in den Schriften, kam nach Ephesus.	Llegó entonces á Efeso un Judío, llamado Apolos, natural de Alejandría, varón elocuente, poderoso en las Escrituras.
Деян 18:24	Acts 18:24	Apg. 18:24	Hch. 18:24
Я, Иоанн, брат ваш и соучастник в скорби и в царствии и в терпении Иисуса Христа, был на острове, называемом Патмос, за слово Божие и за свидетельство Иисуса Христа.	I John, who also am your brother, and companion in tribulation, and in the kingdom and patience of Jesus Christ, was in the isle that is called Patmos, for the word of God, and for the testimony of Jesus Christ.	Ich, Johannes, euer Bruder und Mitgenosse in der Drangsal und dem Königtum und dem Ausharren in Jesu, war auf der Insel, genannt Patmos, um des Wortes Gottes und des Zeugnisses Jesu willen.	Yo Juan, vuestro hermano, y participante en la tribulación y en el reino, y en la paciencia de Jesucristo, estaba en la isla que es llamada Patmos, por la palabra de Dios y el testimonio de Jesucristo.
Откр 1:9	Rev 1:9	Offb. 1:9	Ap. 1:9
Потом, через четырнадцать лет, опять ходил я в Иерусалим с Варнавою, взяв с собою и Тита.	THEN fourteen years after I went up again to Jerusalem with Barnabas, and took Titus with me also.	Darauf, nach Verlauf von vierzehn Jahren, zog ich wieder nach Jerusalem hinauf mit Barnabas und nahm auch Titus mit.	DESPUÉS, pasados catorce años, fuí otra vez á Jerusalem juntamente con Bernabé, tomando también conmigo á Tito.
Гал 2:1	Gal 2:1	Galater 2:1	Gá. 2:1
Для того я оставил тебя в Крите, чтобы ты довершил недоконченное и поставил по всем городам пресвитеров, как я тебе приказывал:	For this cause left I thee in Crete, that thou shouldest set in order the things that are wanting, and ordain elders in every city, as I had appointed thee:	Deswegen ließ ich dich in Kreta, daß du, was noch mangelte, in Ordnung bringen und in jeder Stadt Älteste anstellen möchtest, wie ich dir geboten hatte:	Por esta causa te dejé en Creta, para que corrigieses lo que falta, y pusieses ancianos por las villas, así como yo te mandé:
Тит 1:5	Titus 1:5	Titus 1:5	Tit. 1:5
