приложения недоступен	application unavailable	Anwendung nicht verfügbar	aplicación no disponible
ещё не обновлялось	Not updated yet	Noch nicht aktualisiert	Aún sin actualizar
Админ-панель	Admin panel	Adminbereich	Panel de administración
Вернуться в меню	Return to menu	Zurück zum Menü	Volver al menú
Управление приложением	App management	App-Verwaltung	Gestión de la aplicación
Обновлено	Updated	Aktualisiert	Actualizado
Обновить базу	Refresh database	Datenbank aktualisieren	Actualizar base de datos
Обновить	Refresh	Aktualisieren	Actualizar
Статистика пользователей	User statistics	Nutzerstatistik	Estadísticas de usuarios
Всего	Total	Gesamt	Total
Активных	Active	Aktiv	Activos
Заблокировано	Blocked	Gesperrt	Bloqueados
Поиск по нику	Search by username	Nach Nutzernamen suchen	Buscar por nombre de usuario
или игре	or game	oder Spiel	o juego
Фильтр пользователей	User filter	Nutzerfilter	Filtro de usuarios
Все	All	Alle	Todos
Активные	Active	Aktiv	Activos
Блок.	Blocked	Gesperrt	Bloq.
Рассылка	Broadcast	Rundnachricht	Difusión
Сообщение всем пользователям	Message all users	Nachricht an alle Nutzer	Mensaje a todos los usuarios
Текст сообщения…	Message text…	Nachrichtentext…	Texto del mensaje…
Отправить всем	Send to everyone	An alle senden	Enviar a todos
Пользователи	Users	Nutzer	Usuarios
Предыдущая страница	Previous page	Vorherige Seite	Página anterior
Следующая страница	Next page	Nächste Seite	Página siguiente
История игр пуста	No games played yet	Noch keine Spiele gespielt	Aún no hay partidas
без	without	ohne	sin
ника	username	Nutzernamen	nombre de usuario
Без	Without	Ohne	Sin
неизвестно	unknown	unbekannt	desconocido
Заблокирован	Blocked	Gesperrt	Bloqueado
Активен	Active	Aktiv	Activo
Открыть чат	Open chat	Chat öffnen	Abrir chat
Чат недоступен	Chat unavailable	Chat nicht verfügbar	Chat no disponible
Разблокировать	Unblock	Entsperren	Desbloquear
Заблокировать	Block	Sperren	Bloquear
Скопировать	Copy	Kopieren	Copiar
Последние игры	Recent games	Zuletzt gespielt	Juegos recientes
Библейские слова	Bible Words	Bibelwörter	Palabras bíblicas
Поиск слов	Word Search	Wortsuche	Sopa de letras
Священное слово	Sacred Word	Heiliges Wort	Palabra sagrada
Сохранить прогресс	Save progress	Fortschritt speichern	Guardar progreso
Найдено	Found	Gefunden	Encontrados
Ничего не найдено	Nothing found	Nichts gefunden	No se ha encontrado nada
Измените поиск или фильтр.	Change your search or filter.	Ändere die Suche oder den Filter.	Cambia la búsqueda o el filtro.
скопирован	copied	kopiert	copiado
Изменений нет	No changes	Keine Änderungen	Sin cambios
Сохраняю…	Saving…	Wird gespeichert…	Guardando…
Не удалось обновить	Could not update	Aktualisierung fehlgeschlagen	No se pudo actualizar
Прогресс сохранён	Progress saved	Fortschritt gespeichert	Progreso guardado
Сохранено	Saved	Gespeichert	Guardado
Не удалось сохранить прогресс	Could not save progress	Fortschritt konnte nicht gespeichert werden	No se pudo guardar el progreso
заблокировать	block	sperren	bloquear
разблокировать	unblock	entsperren	desbloquear
Вы уверены, что хотите	Are you sure you want to	Möchtest du wirklich	¿Seguro que quieres
Подождите…	Please wait…	Bitte warten…	Espera…
Ошибка изменения блокировки	Could not change block status	Sperrstatus konnte nicht geändert werden	No se pudo cambiar el bloqueo
Пользователь заблокирован	User blocked	Nutzer gesperrt	Usuario bloqueado
Пользователь разблокирован	User unblocked	Nutzer entsperrt	Usuario desbloqueado
Не удалось изменить блокировку	Could not change block status	Sperrstatus konnte nicht geändert werden	No se pudo cambiar el bloqueo
Введите текст сообщения	Enter a message	Gib einen Nachrichtentext ein	Escribe un mensaje
Отправить это сообщение всем пользователям?	Send this message to all users?	Diese Nachricht an alle Nutzer senden?	¿Enviar este mensaje a todos los usuarios?
Отправляю…	Sending…	Wird gesendet…	Enviando…
Рассылка не выполнена	Broadcast failed	Versand fehlgeschlagen	La difusión ha fallado
Доставлено	Delivered	Zugestellt	Entregados
ошибок	errors	Fehler	errores
Не удалось отправить рассылку	Could not send broadcast	Rundnachricht konnte nicht gesendet werden	No se pudo enviar la difusión
Админ-панель доступна только указанному	Admin panel is only available to the specified	Adminbereich nur verfügbar für die angegebene	Panel disponible solo para el indicado
Загружаю пользователей…	Loading users…	Nutzer werden geladen…	Cargando usuarios…
Получаем данные из	Fetching data from	Daten werden geladen von	Obteniendo datos de
Некорректный ответ	Invalid response	Ungültige Antwort	Respuesta no válida
База пользователей обновлена	User database refreshed	Nutzerdatenbank aktualisiert	Base de usuarios actualizada
Не удалось обновить базу	Could not refresh database	Datenbank konnte nicht aktualisiert werden	No se pudo actualizar la base de datos
Не удалось открыть админ-панель	Could not open admin panel	Adminbereich konnte nicht geöffnet werden	No se pudo abrir el panel
определён как администратор, но	is an administrator, but	ist als Administrator erkannt, aber	es administrador, pero
не вернул список пользователей.	did not return the user list.	hat keine Nutzerliste zurückgegeben.	no devolvió la lista de usuarios.
Повторить	Retry	Erneut versuchen	Reintentar
В меню	Menu	Zum Menü	Al menú
Не удалось подтвердить	Could not verify	Konnte nicht bestätigt werden	No se pudo verificar
администратора	administrator	Administrator	administrador
Пользователи, прогресс, блокировки и рассылка	Users, progress, blocks and broadcasts	Nutzer, Fortschritt, Sperren und Rundnachrichten	Usuarios, progreso, bloqueos y difusión
Пользователи, администраторы, прогресс и рассылка	Users, administrators, progress and broadcasts	Nutzer, Administratoren, Fortschritt und Rundnachrichten	Usuarios, administradores, progreso y difusión
Пользователи, прогресс, поддержка и рассылка	Users, progress, support and broadcasts	Nutzer, Fortschritt, Support und Rundnachrichten	Usuarios, progreso, soporte y difusión
Сервер не ответил. Проверьте связь и попробуйте ещё раз	Server did not respond. Check your connection and try again	Keine Serverantwort. Prüfe die Verbindung und versuche es erneut	El servidor no respondió. Revisa la conexión e inténtalo de nuevo
Права администратора не подтверждены сервером	Administrator access was not verified by the server	Administratorrechte wurden vom Server nicht bestätigt	El servidor no confirmó los permisos de administrador
Не удалось загрузить панель. Проверьте связь и нажмите ещё раз	Could not load panel. Check your connection and try again	Bereich konnte nicht geladen werden. Prüfe die Verbindung und versuche es erneut	No se pudo cargar el panel. Revisa la conexión y vuelve a intentarlo
Админ-панель временно недоступна	Admin panel temporarily unavailable	Adminbereich vorübergehend nicht verfügbar	Panel temporalmente no disponible
Управление администраторами	Manage administrators	Administratoren verwalten	Gestionar administradores
Администраторы	Administrators	Administratoren	Administradores
Только главный администратор может выдавать и отзывать права.	Only the owner can grant or revoke access.	Nur der Hauptadministrator kann Rechte erteilen oder entziehen.	Solo el administrador principal puede conceder o revocar permisos.
проверяется сервером.	is verified by the server.	wird vom Server geprüft.	se verifica en el servidor.
Серверная защита	Server protection	Serverschutz	Protección del servidor
пользователя	user	Nutzer	usuario
Например: 123456789	Example: 123456789	Beispiel: 123456789	Ejemplo: 123456789
Выдать права	Grant access	Rechte erteilen	Conceder permisos
Назначенный администратор не сможет назначать других администраторов, отзывать ваши права или управлять другими привилегированными аккаунтами.	The appointed administrator cannot appoint other administrators, revoke your access or manage other privileged accounts.	Der ernannte Administrator kann keine weiteren Administratoren ernennen, deine Rechte entziehen oder andere privilegierte Konten verwalten.	El administrador designado no podrá nombrar otros administradores, revocar tus permisos ni gestionar otras cuentas privilegiadas.
Загружаем список администраторов…	Loading administrators…	Administratoren werden geladen…	Cargando administradores…
Главный администратор не подтверждён	Owner access not verified	Hauptadministrator nicht bestätigt	Administrador principal no verificado
Не удалось получить администраторов	Could not retrieve administrators	Administratoren konnten nicht abgerufen werden	No se pudo obtener la lista de administradores
Не удалось загрузить администраторов	Could not load administrators	Administratoren konnten nicht geladen werden	No se pudieron cargar los administradores
Главный администратор	Owner	Hauptadministrator	Administrador principal
Администратор	Administrator	Administrator	Administrador
Роль владельца неизменяема	Owner role cannot be changed	Die Eigentümerrolle ist unveränderlich	El rol del propietario no se puede cambiar
Защищён	Protected	Geschützt	Protegido
Отозвать	Revoke	Entziehen	Revocar
Назначенных администраторов пока нет.	No appointed administrators yet.	Noch keine ernannten Administratoren.	Aún no hay administradores designados.
Введите корректный	Enter a valid	Gib einen gültigen Wert ein:	Introduce un valor válido:
У вас уже есть неизменяемые права главного администратора	You already have permanent owner access	Du hast bereits unveränderliche Hauptadministratorrechte	Ya tienes permisos permanentes de administrador principal
Выдать права администратора пользователю	Grant administrator access to	Administratorrechte erteilen an	Conceder permisos de administrador a
Он получит доступ к управлению пользователями, поддержке, мониторингу и рассылке, но не сможет назначать других администраторов.	They will gain access to users, support, monitoring and broadcasts, but cannot appoint other administrators.	Diese Person erhält Zugriff auf Nutzerverwaltung, Support, Überwachung und Rundnachrichten, kann aber keine weiteren Administratoren ernennen.	Tendrá acceso a usuarios, soporte, supervisión y difusión, pero no podrá nombrar otros administradores.
Проверяем…	Checking…	Wird geprüft…	Comprobando…
Операция доступна только главному администратору	Only the owner can perform this action	Nur der Hauptadministrator kann diese Aktion ausführen	Solo el administrador principal puede realizar esta acción
Не удалось выдать права	Could not grant access	Rechte konnten nicht erteilt werden	No se pudieron conceder permisos
Права администратора выданы	Administrator access granted	Administratorrechte erteilt	Permisos de administrador concedidos
Отозвать права администратора у	Revoke administrator access from	Administratorrechte entziehen für	Revocar permisos de administrador de
Доступ к административным	Access to administrative	Zugriff auf administrative	El acceso a las funciones administrativas
и уже выданным	and existing	und bereits ausgestellte	y a las existentes
сессиям будет прекращён сервером.	sessions will be revoked by the server.	Sitzungen wird vom Server beendet.	sesiones será revocado por el servidor.
Отзываем…	Revoking…	Wird entzogen…	Revocando…
Не удалось отозвать права	Could not revoke access	Rechte konnten nicht entzogen werden	No se pudieron revocar permisos
Права администратора отозваны у	Administrator access revoked for	Administratorrechte entzogen für	Permisos de administrador revocados para
Резервный живой мониторинг	Backup live monitoring	Ersatz-Liveüberwachung	Supervisión en directo de respaldo
Подключаем живой мониторинг…	Connecting live monitoring…	Liveüberwachung wird verbunden…	Conectando supervisión en directo…
Откройте админ-панель внутри	Open the admin panel in	Öffne den Adminbereich in	Abre el panel en
Главное меню	Main menu	Hauptmenü	Menú principal
Сейчас нет проверенных пользователей онлайн.	No verified users are online.	Derzeit sind keine bestätigten Nutzer online.	No hay usuarios verificados conectados.
Живой мониторинг	Live monitoring	Liveüberwachung	Supervisión en directo
Кто сейчас онлайн	Who is online	Wer ist online	Quién está conectado
Обновить данные	Refresh data	Daten aktualisieren	Actualizar datos
онлайн	online	online	en línea
в меню	in menu	im Menü	en el menú
комнат	rooms	Räume	salas
в списке	listed	in der Liste	en la lista
Пользователи онлайн	Online users	Nutzer online	Usuarios conectados
Неизвестная ошибка	Unknown error	Unbekannter Fehler	Error desconocido
Онлайн временно недоступен	Online status temporarily unavailable	Onlinestatus vorübergehend nicht verfügbar	Estado en línea temporalmente no disponible
Перезагрузить свежую версию	Reload latest version	Neueste Version laden	Recargar la última versión
Алиас	Alias	Alias	Alias
Соображариум	Think Fast	Denk schnell	Piensa rápido
Угадай персонажа	Guess the Character	Errate die Person	Adivina el personaje
Опиши, но не называй	Describe, Do Not Name	Beschreiben ohne Namen	Describe sin nombrar
Соглядатай	Spy	Spion	Espía
Квартет	Quartet	Quartett	Cuarteto
Библейский художник	Bible Artist	Bibelkünstler	Artista bíblico
Найди пару	Find a Pair	Finde ein Paar	Encuentra la pareja
Библейские сокровища	Bible Treasures	Bibelschätze	Tesoros bíblicos
Моисей: Путь по Нилу	Moses: Journey on the Nile	Mose: Reise auf dem Nil	Moisés: Viaje por el Nilo
Админ-панель доступна только внутри	Admin panel is only available in	Adminbereich nur verfügbar in	Panel disponible solo en
Живой мониторинг и управление	Live monitoring and management	Liveüberwachung und Verwaltung	Supervisión y gestión en directo
Получаем онлайн…	Loading online status…	Onlinestatus wird geladen…	Cargando estado en línea…
Онлайн временно недоступен. Нажмите «Обновить».	Online status unavailable. Tap Refresh.	Onlinestatus nicht verfügbar. Tippe auf Aktualisieren.	Estado no disponible. Pulsa Actualizar.
ошибок сегодня	errors today	Fehler heute	errores hoy
Онлайн и управление	Online and management	Online und Verwaltung	En línea y gestión
пик сегодня	peak today	Spitze heute	máximo de hoy
Игры сейчас	Games now	Aktuelle Spiele	Partidas actuales
сек	sec	Sek.	s
Баланс загружается…	Loading balance…	Guthaben wird geladen…	Cargando saldo…
Наблюдать за комнатой	Observe room	Raum beobachten	Observar sala
только чтение	read only	nur lesen	solo lectura
Чат	Chat	Chat	Chat
Уменьшить	Zoom out	Verkleinern	Reducir
Увеличить	Zoom in	Vergrößern	Ampliar
Не удалось сохранить	Could not save	Speichern fehlgeschlagen	No se pudo guardar
Закрыть	Close	Schließen	Cerrar
Сообщение через бота	Message via bot	Nachricht über den Bot	Mensaje a través del bot
Сообщение придёт пользователю в личный чат бота «Библейские игры».	The user will receive the message in their private Bible Games bot chat.	Der Nutzer erhält die Nachricht im privaten Chat mit dem Bibelspiele-Bot.	El usuario recibirá el mensaje en su chat privado con el bot de Juegos bíblicos.
Текст сообщения	Message text	Nachrichtentext	Texto del mensaje
Напишите сообщение…	Write a message…	Nachricht schreiben…	Escribe un mensaje…
Отправить	Send	Senden	Enviar
Не удалось отправить	Could not send	Senden fehlgeschlagen	No se pudo enviar
Сообщение отправлено	Message sent	Nachricht gesendet	Mensaje enviado
Невидимый монитор	Invisible observer	Unsichtbarer Beobachter	Observador invisible
Только чтение	Read only	Nur lesen	Solo lectura
администратор не добавляется в комнату	the administrator does not join the room	der Administrator tritt dem Raum nicht bei	el administrador no se une a la sala
Подключаем отчёт…	Connecting report…	Bericht wird verbunden…	Conectando informe…
карт	cards	Karten	cartas
квартетов	quartets	Quartette	cuartetos
Статус	Status	Status	Estado
Ход	Turn	Zug	Turno
рисует сейчас	drawing now	zeichnet gerade	dibujando ahora
не в сети	offline	offline	sin conexión
Этап	Stage	Phase	Etapa
Рисует	Drawing	Zeichnet	Dibuja
Круг	Round	Runde	Ronda
Линий	Lines	Linien	Líneas
Событий пока нет	No events yet	Noch keine Ereignisse	Aún no hay eventos
Последние события	Recent events	Letzte Ereignisse	Eventos recientes
недоступен	unavailable	nicht verfügbar	no disponible
Сохранить	Save	Speichern	Guardar
Баланс сокровищ сохранён	Treasure balance saved	Schatzguthaben gespeichert	Saldo de tesoros guardado
Не удалось загрузить административные модули	Could not load administrator modules	Administrationsmodule konnten nicht geladen werden	No se pudieron cargar los módulos de administración
Разделы админ-панели	Admin sections	Adminbereiche	Secciones del panel
Обзор	Overview	Übersicht	Resumen
Поддержка	Support	Support	Soporte
Рейтинг	Leaderboard	Rangliste	Clasificación
Панель управления	Dashboard	Verwaltung	Panel de control
сейчас	now	jetzt	ahora
Синхронизация	Sync	Synchronisierung	Sincronización
приложение уже установлено	app already installed	App bereits installiert	aplicación ya instalada
Скачать приложение Библейские игры для	Download Bible Games for	Bibelspiele herunterladen für	Descargar Juegos bíblicos para
Скачать для	Download for	Herunterladen für	Descargar para
Перезапускаем игру	Restarting game	Spiel wird neu gestartet	Reiniciando el juego
Интерфейс игры находится внутри	The game interface is inside	Die Spieloberfläche befindet sich in	La interfaz del juego está dentro de
Нажмите кнопку, чтобы повторно открыть локальную копию.	Tap the button to reopen the local copy.	Tippe auf die Schaltfläche, um die lokale Kopie erneut zu öffnen.	Pulsa el botón para volver a abrir la copia local.
Спасибо, что пользуетесь нашим проектом!	Thank you for using our project!	Danke, dass du unser Projekt nutzt!	¡Gracias por usar nuestro proyecto!
Нам очень приятно, что вы выбираете наши игры и проводите с ними время	We are happy you choose our games and spend time playing them	Wir freuen uns, dass du unsere Spiele wählst und Zeit mit ihnen verbringst	Nos alegra que elijas nuestros juegos y disfrutes de ellos
Мы продолжаем развивать проект: улучшаем уже существующие игры	We keep developing the project: improving existing games	Wir entwickeln das Projekt weiter: Wir verbessern bestehende Spiele	Seguimos desarrollando el proyecto: mejoramos los juegos existentes
и создаём новые	and creating new ones	und entwickeln neue	y creamos otros nuevos
Если вам хочется поддержать нашу работу — будем искренне благодарны за любую помощь	If you would like to support our work, we would be grateful for any help	Wenn du unsere Arbeit unterstützen möchtest, freuen wir uns über jede Hilfe	Si quieres apoyar nuestro trabajo, agradeceremos cualquier ayuda
Все пожертвования помогают нам уделять больше времени развитию, улучшениям и созданию новых игр.	Every donation helps us spend more time developing, improving and creating new games.	Jede Spende hilft uns, mehr Zeit in die Entwicklung, Verbesserung und Erstellung neuer Spiele zu investieren.	Cada donación nos ayuda a dedicar más tiempo a desarrollar, mejorar y crear nuevos juegos.
Спасибо за вашу поддержку!	Thank you for your support!	Danke für deine Unterstützung!	¡Gracias por tu apoyo!
Благодаря вам проект может становиться лучше!	You help make the project better!	Dank dir kann das Projekt besser werden!	¡Gracias a ti el proyecto puede mejorar!
Поддержать проект	Support the project	Projekt unterstützen	Apoyar el proyecto
Поддержи проект	Support the project	Unterstütze das Projekt	Apoya el proyecto
ПОДДЕРЖАТЬ	SUPPORT	UNTERSTÜTZEN	APOYAR
Открыть поддержку проекта	Open project support	Projektunterstützung öffnen	Abrir apoyo al proyecto
Иконка игры	Game icon	Spielsymbol	Icono del juego
нет связи)	no connection)	keine Verbindung)	sin conexión)
ошибка	error	Fehler	error
при загрузке	while loading	beim Laden	al cargar
Открыть игру	Open game	Spiel öffnen	Abrir juego
Тех-поддержка	Technical support	Technischer Support	Soporte técnico
Сообщить об ошибке или предложить идею	Report a bug or suggest an idea	Fehler melden oder Idee vorschlagen	Informar de un error o proponer una idea
Пользователи, баллы и рассылка	Users, scores and broadcasts	Nutzer, Punkte und Rundnachrichten	Usuarios, puntos y difusión
Не найдена функция запуска игры	Game launch function not found	Spielstartfunktion nicht gefunden	No se encontró la función de inicio
Ошибка запуска игры	Game launch error	Fehler beim Spielstart	Error al iniciar el juego
Ошибка запуска	Launch error	Startfehler	Error de inicio
Игра загрузилась, но не смогла стартовать. Попробуйте вернуться в меню и открыть её снова.	The game loaded but could not start. Return to the menu and open it again.	Das Spiel wurde geladen, konnte aber nicht starten. Kehre zum Menü zurück und öffne es erneut.	El juego se cargó, pero no pudo iniciarse. Vuelve al menú y ábrelo de nuevo.
В главное меню	Main menu	Zum Hauptmenü	Al menú principal
Игра не найдена	Game not found	Spiel nicht gefunden	Juego no encontrado
Загрузка игры...	Loading game...	Spiel wird geladen...	Cargando juego...
Файл	File	Datei	Archivo
не загружается	could not be loaded	kann nicht geladen werden	no se carga
Файл игры не найден	Game file not found	Spieldatei nicht gefunden	Archivo del juego no encontrado
Не удалось загрузить	Could not load	Laden fehlgeschlagen	No se pudo cargar
Напишите, если заметили ошибку, неудобство в игре или хотите предложить новую функцию.	Write to us if you find a bug, have trouble playing or want to suggest a feature.	Schreib uns, wenn du einen Fehler oder ein Problem beim Spielen bemerkst oder eine neue Funktion vorschlagen möchtest.	Escríbenos si encuentras un error, tienes dificultades al jugar o quieres proponer una función.
Написать	Write	Schreiben	Escribir
Загрузка базы пользователей...	Loading user database...	Nutzerdatenbank wird geladen...	Cargando base de usuarios...
Не удалось загрузить базу	Could not load database	Datenbank konnte nicht geladen werden	No se pudo cargar la base de datos
Проверьте интернет или	Check your connection or	Prüfe deine Internetverbindung oder	Revisa la conexión o
Назад	Back	Zurück	Atrás
Назад в меню	Back to menu	Zurück zum Menü	Volver al menú
пользователей	users	Nutzer	usuarios
активных	active	aktiv	activos
заблокировано	blocked	gesperrt	bloqueados
Открыть форму сообщения	Open message form	Nachrichtenformular öffnen	Abrir formulario de mensaje
Введите сообщение. Поддерживаются	Enter a message. Supported:	Nachricht eingeben. Unterstützt werden	Escribe un mensaje. Se admiten
теги	tags	Tags	etiquetas
Поиск	Search	Suche	Buscar
Ник	Username	Nutzername	Nombre de usuario
или последняя игра	or last game	oder letztes Spiel	o último juego
Нет данных	No data	Keine Daten	Sin datos
Нет чата	No chat	Kein Chat	Sin chat
пользователя?	user?	Nutzer?	usuario?
Введите текст сообщения.	Enter a message.	Gib einen Nachrichtentext ein.	Escribe un mensaje.
Отправка...	Sending...	Wird gesendet...	Enviando...
Рассылка завершена.	Broadcast complete.	Versand abgeschlossen.	Difusión completada.
Ошибок	Errors	Fehler	Errores
Не удалось отправить рассылку.	Could not send broadcast.	Rundnachricht konnte nicht gesendet werden.	No se pudo enviar la difusión.
Рисуйте по очереди и найдите шпиона	Take turns drawing and find the spy	Zeichnet abwechselnd und findet den Spion	Dibujad por turnos y encontrad al espía
Не удалось загрузить Библейского художника	Could not load Bible Artist	Bibelkünstler konnte nicht geladen werden	No se pudo cargar Artista bíblico
Не удалось открыть игру	Could not open game	Spiel konnte nicht geöffnet werden	No se pudo abrir el juego
Загрузка «Библейские сокровища»...	Loading Bible Treasures...	Bibelschätze wird geladen...	Cargando Tesoros bíblicos...
Не удалось запустить «Библейские сокровища»	Could not start Bible Treasures	Bibelschätze konnte nicht gestartet werden	No se pudo iniciar Tesoros bíblicos
Не удалось загрузить новые	Could not load new	Neue Inhalte konnten nicht geladen werden:	No se pudieron cargar los nuevos
иконки или один из файлов игры. Нажмите «Повторить».	icons or a game file. Tap Retry.	Symbole oder eine Spieldatei. Tippe auf Erneut versuchen.	iconos o un archivo del juego. Pulsa Reintentar.
Матч‑3 с Путём света, рекордами и быстрыми комбинациями	Match-3 with a Path of Light, high scores and quick combos	Match-3 mit dem Pfad des Lichts, Rekorden und schnellen Kombinationen	Combina 3 con el Camino de la Luz, récords y combos rápidos
Не удалось выполнить запрос	Could not complete request	Anfrage fehlgeschlagen	No se pudo completar la solicitud
Текст, фото и файлы через	Text, photos and files via	Text, Fotos und Dateien über	Texto, fotos y archivos a través de
Тип	Type	Typ	Tipo
Сообщение	Message	Nachricht	Mensaje
Фото + подпись	Photo + caption	Foto + Bildunterschrift	Foto + pie de foto
Файл + подпись	File + caption	Datei + Beschreibung	Archivo + descripción
Получатели	Recipients	Empfänger	Destinatarios
Все незаблокированные	All unblocked users	Alle nicht gesperrten Nutzer	Todos los usuarios no bloqueados
Активные за	Active in the last	Aktiv in den letzten	Activos en los últimos
дней	days	Tagen	días
Выбранные пользователи	Selected users	Ausgewählte Nutzer	Usuarios seleccionados
Без звука	Silent	Lautlos	Sin sonido
Выберите пользователей	Select users	Nutzer auswählen	Selecciona usuarios
Поиск по	Search by	Suchen nach	Buscar por
или	or	oder	o
Загрузка...	Loading...	Wird geladen...	Cargando...
Выбрать файл	Choose file	Datei auswählen	Elegir archivo
Разрешить	Allow	Erlauben	Permitir
разметку	formatting	Formatierung	formato
Кнопки под сообщением	Buttons below message	Schaltflächen unter der Nachricht	Botones bajo el mensaje
Кнопка 1	Button 1	Schaltfläche 1	Botón 1
Текст, например: Открыть приложение	Text, e.g. Open app	Text, z. B. App öffnen	Texto, p. ej.: Abrir aplicación
Кнопка 2	Button 2	Schaltfläche 2	Botón 2
Текст, например: Читать канал	Text, e.g. Read channel	Text, z. B. Kanal lesen	Texto, p. ej.: Leer canal
Расположение	Layout	Anordnung	Disposición
Рядом, в одну строку	Side by side	Nebeneinander	En una fila
Друг под другом	Stacked	Untereinander	Uno debajo del otro
Значок в начало текста	Icon at the start	Symbol am Textanfang	Icono al inicio del texto
Цвет кнопок задать нельзя	Button colors cannot be set	Schaltflächenfarben können nicht festgelegt werden	No se puede elegir el color de los botones
рисует их в теме получателя и	displays them using the recipient theme and	zeigt sie im Design des Empfängers an; und	los muestra con el tema del destinatario y
поля цвета в его	there is no color field in its	ein Farbfeld ist in der	no hay campo de color en su
нет. Выделить кнопку можно значком в начале	API. Highlight a button with an icon at the start of the	nicht vorhanden. Hebe die Schaltfläche mit einem Symbol am Anfang hervor:	API. Puedes destacar un botón con un icono al principio del
текста — так делают в каналах.	text, as channels do.	So machen es auch Kanäle.	texto, como hacen los canales.
Предпросмотр	Preview	Vorschau	Vista previa
Введите сообщение или выберите файл	Enter a message or choose a file	Nachricht eingeben oder Datei auswählen	Escribe un mensaje o elige un archivo
Начать рассылку	Start broadcast	Versand starten	Iniciar difusión
Последние рассылки	Recent broadcasts	Letzte Rundnachrichten	Difusiones recientes
Подпись к вложению	Attachment caption	Anhangbeschreibung	Descripción del adjunto
МБ	MB	MB	MB
Фото	Photo	Foto	Foto
Пользователи не найдены	No users found	Keine Nutzer gefunden	No se encontraron usuarios
Загрузка вложений доступна только администратору в	Only administrators can upload attachments in	Nur Administratoren können Anhänge hochladen in	Solo los administradores pueden subir adjuntos en
Фото должно быть не больше 10 МБ	Photo must not exceed 10 MB	Foto darf höchstens 10 MB groß sein	La foto no debe superar los 10 MB
Файл должен быть не больше 50 МБ	File must not exceed 50 MB	Datei darf höchstens 50 MB groß sein	El archivo no debe superar los 50 MB
Сервер отклонил вложение (код	Server rejected attachment (code	Server hat den Anhang abgelehnt (Code	El servidor rechazó el adjunto (código
Загрузка вложения не уложилась в	Attachment upload exceeded	Das Hochladen des Anhangs dauerte länger als	La subida del adjunto superó
секунд. Попробуйте файл поменьше или сеть получше	seconds. Try a smaller file or a better connection	Sekunden. Versuche eine kleinere Datei oder eine bessere Verbindung	segundos. Prueba un archivo más pequeño o una conexión mejor
Не удалось связаться с сервером для загрузки вложения. Проверьте связь и попробуйте ещё раз	Could not reach upload server. Check your connection and retry	Upload-Server nicht erreichbar. Prüfe die Verbindung und versuche es erneut	No se pudo conectar para subir el adjunto. Revisa la conexión y reinténtalo
Выберите вложение	Choose an attachment	Anhang auswählen	Elige un adjunto
Выберите хотя бы одного пользователя	Select at least one user	Wähle mindestens einen Nutzer	Selecciona al menos un usuario
Заполните и текст, и ссылку у кнопки	Enter both button text and link	Gib Schaltflächentext und Link ein	Introduce el texto y el enlace del botón
Ссылка кнопки	Button link	Schaltflächenlink	Enlace del botón
должна начинаться с	must start with	muss beginnen mit	debe empezar por
Начать рассылку? Отправка будет выполняться в фоне, страницу можно закрыть.	Start broadcast? Sending continues in the background; you can close this page.	Versand starten? Er läuft im Hintergrund weiter; du kannst die Seite schließen.	¿Iniciar difusión? El envío continuará en segundo plano; puedes cerrar la página.
Создаём рассылку...	Creating broadcast...	Versand wird erstellt...	Creando difusión...
Загружаем вложение...	Uploading attachment...	Anhang wird hochgeladen...	Subiendo adjunto...
Запускаем...	Starting...	Wird gestartet...	Iniciando...
Рассылка запущена	Broadcast started	Versand gestartet	Difusión iniciada
Не удалось начать рассылку	Could not start broadcast	Versand konnte nicht gestartet werden	No se pudo iniciar la difusión
Запрос слишком долго не отвечал. Попробуйте ещё раз	Request timed out. Try again	Zeitüberschreitung. Versuche es erneut	La solicitud tardó demasiado. Reinténtalo
Нет связи с сервером рассылки. Проверьте интернет и попробуйте ещё раз	Broadcast server unavailable. Check your connection and retry	Versandserver nicht erreichbar. Prüfe die Verbindung und versuche es erneut	Servidor de difusión no disponible. Revisa la conexión y reinténtalo
не начинали диалог с ботом	have not started the bot	Bot noch nicht gestartet	no han iniciado el bot
заблокировали бота	blocked the bot	Bot blockiert	bloquearon el bot
аккаунт удалён	account deleted	Konto gelöscht	cuenta eliminada
бот не может писать в этот чат	bot cannot write to this chat	Bot kann nicht in diesen Chat schreiben	el bot no puede escribir en este chat
придержал отправку	delayed sending	Versand verzögert	retrasó el envío
это бот, а не человек	this is a bot account	dies ist ein Botkonto	es una cuenta de bot
причина неизвестна	unknown reason	unbekannter Grund	motivo desconocido
Остановить	Stop	Stoppen	Detener
Остановить оставшуюся рассылку? Уже отправленные сообщения останутся у пользователей.	Stop remaining broadcasts? Delivered messages will remain.	Restlichen Versand stoppen? Bereits zugestellte Nachrichten bleiben erhalten.	¿Detener los envíos pendientes? Los mensajes enviados se conservarán.
Рассылок пока нет	No broadcasts yet	Noch keine Rundnachrichten	Aún no hay difusiones
Не удалось загрузить историю	Could not load history	Verlauf konnte nicht geladen werden	No se pudo cargar el historial
Повторить эту рассылку? Получатели будут рассчитаны заново по тем же настройкам.	Repeat this broadcast? Recipients will be selected again using the same settings.	Diesen Versand wiederholen? Empfänger werden anhand derselben Einstellungen neu ermittelt.	¿Repetir esta difusión? Los destinatarios se volverán a calcular con los mismos ajustes.
Не удалось продолжить игру	Could not continue game	Spiel konnte nicht fortgesetzt werden	No se pudo continuar la partida
Попробуйте открыть её ещё раз. Информация об ошибке уже сохранена для проверки.	Try opening it again. Error details have been saved for review.	Versuche es erneut zu öffnen. Fehlerdetails wurden zur Prüfung gespeichert.	Intenta abrirlo de nuevo. Los detalles del error se han guardado para su revisión.
Попробовать снова	Try again	Erneut versuchen	Intentar de nuevo
Проверьте соединение и попробуйте ещё раз. Если ошибка повторится, она уже будет видна администратору.	Check your connection and try again. Repeated errors will be visible to the administrator.	Prüfe die Verbindung und versuche es erneut. Wiederholte Fehler sind für den Administrator sichtbar.	Revisa la conexión e inténtalo de nuevo. El administrador podrá ver los errores repetidos.
Приложение	Application	Anwendung	Aplicación
Без описания	No description	Keine Beschreibung	Sin descripción
Последние ошибки	Recent errors	Letzte Fehler	Errores recientes
последних	latest	letzte	últimos
Не удалось связаться с сервером	Could not reach server	Server nicht erreichbar	No se pudo conectar con el servidor
Эти стили вставляет скрипт, поэтому генератор тёмной темы их не видит	These styles are inserted by a script, so the dark theme generator cannot see them	Diese Stile werden per Skript eingefügt und vom Dunkeldesign-Generator nicht erkannt	Estos estilos se insertan por script y el generador del tema oscuro no los detecta
он читает только файлы стилей. Без своего блока окно оставалось белым	it only reads stylesheet files. Without its own block the window remained white	er liest nur Stildateien. Ohne eigenen Block blieb das Fenster weiß	solo lee archivos de estilos. Sin su propio bloque la ventana quedaba blanca
листом посреди тёмного приложения.	in the dark application.	in der dunklen Anwendung.	en la aplicación oscura.
Два вопроса, один раз	Two questions, just once	Zwei Fragen, nur einmal	Dos preguntas, una sola vez
Что вы думаете о приложении?	What do you think of the app?	Was hältst du von der App?	¿Qué te parece la aplicación?
Вы играете уже несколько дней — расскажите своими словами. Это читает разработчик, и по таким ответам приложение и меняется.	You have been playing for a few days. Share your thoughts. The developer reads your feedback to improve the app.	Du spielst schon ein paar Tage. Erzähl uns deine Meinung. Der Entwickler liest dein Feedback und verbessert damit die App.	Llevas unos días jugando. Cuéntanos tu opinión. El desarrollador lee tus comentarios para mejorar la aplicación.
Ваше мнение о приложении	Your thoughts about the app	Deine Meinung zur App	Tu opinión sobre la aplicación
Что нравится, что раздражает, чем пользуетесь чаще всего…	What you like, what bothers you, what you use most…	Was dir gefällt, was dich stört, was du am meisten nutzt…	Qué te gusta, qué te molesta, qué usas más…
Что бы вы добавили или изменили	What would you add or change?	Was würdest du ergänzen oder ändern?	¿Qué añadirías o cambiarías?
Новая игра, другое правило, кнопка не на месте…	A new game, a different rule, a misplaced button…	Ein neues Spiel, eine andere Regel, eine falsch platzierte Schaltfläche…	Un juego nuevo, otra regla, un botón mal ubicado…
Ответ придёт разработчику приложения	Your reply goes to the developer	Deine Antwort geht an den Entwickler	Tu respuesta llegará al desarrollador
Позже	Later	Später	Más tarde
Напишите хотя бы пару слов в любом поле	Write a few words in either field	Schreibe ein paar Worte in eines der Felder	Escribe unas palabras en cualquier campo
Отправляем…	Sending…	Wird gesendet…	Enviando…
Не удалось отправить ответ	Could not send reply	Antwort konnte nicht gesendet werden	No se pudo enviar la respuesta
Игрок	Player	Spieler	Jugador
Сервис друзей не настроен	Friends service is not configured	Freundesdienst nicht eingerichtet	Servicio de amigos sin configurar
Приглашения доступны только внутри	Invitations are only available in	Einladungen sind nur verfügbar in	Las invitaciones solo están disponibles en
Друзья	Friends	Freunde	Amigos
Пригласить друзей в	Invite friends to	Freunde einladen zu	Invitar amigos a
Совместная игра	Play together	Gemeinsam spielen	Jugar juntos
Пригласить друзей	Invite friends	Freunde einladen	Invitar amigos
Комната	Room	Raum	Sala
Поделиться ссылкой	Share link	Link teilen	Compartir enlace
Загружаем друзей…	Loading friends…	Freunde werden geladen…	Cargando amigos…
Сначала добавьте друзей	Add friends first	Füge zuerst Freunde hinzu	Primero añade amigos
Откройте профиль, найдите игрока по	Open your profile and find a player by	Öffne dein Profil und suche einen Spieler anhand von	Abre tu perfil y busca un jugador por
после этого он появится здесь.	they will then appear here.	danach erscheint er hier.	después aparecerá aquí.
Открыть список друзей	Open friends list	Freundesliste öffnen	Abrir lista de amigos
Кого позвать?	Who would you like to invite?	Wen möchtest du einladen?	¿A quién quieres invitar?
Приглашение придёт личным сообщением от бота и сразу откроет комнату.	The bot will send a private invitation that opens the room directly.	Der Bot sendet eine private Einladung, die direkt den Raum öffnet.	El bot enviará una invitación privada que abre la sala directamente.
Пригласить	Invite	Einladen	Invitar
Отправлено	Sent	Gesendet	Enviado
Не удалось загрузить друзей	Could not load friends	Freunde konnten nicht geladen werden	No se pudieron cargar los amigos
Не удалось отправить приглашение	Could not send invitation	Einladung konnte nicht gesendet werden	No se pudo enviar la invitación
Не удалось подготовить ссылку	Could not prepare link	Link konnte nicht erstellt werden	No se pudo preparar el enlace
Библейские игры	Bible Games	Bibelspiele	Juegos bíblicos
комната	room	Raum	sala
Ссылка скопирована	Link copied	Link kopiert	Enlace copiado
сцена не собралась	scene could not be created	Szene konnte nicht erstellt werden	no se pudo crear la escena
в строке	in row	in Zeile	en la fila
стартового поля уже есть совпадение	starting board already contains a match	Startfeld enthält bereits eine Übereinstimmung	el tablero inicial ya tiene una combinación
в столбце	in column	in Spalte	en la columna
совпадение	match	Übereinstimmung	combinación
убирает пустую клетку	removes an empty cell	entfernt eine leere Zelle	elimina una casilla vacía
собрано из разных фишек	contains different pieces	besteht aus verschiedenen Steinen	contiene fichas distintas
короче трёх фишек	shorter than three pieces	kürzer als drei Steine	menos de tres fichas
не лежит на одной линии	not in a straight line	liegt nicht auf einer Linie	no está en línea recta
идёт с разрывом	contains a gap	enthält eine Lücke	contiene un hueco
Эти правила всегда под рукой: в главном меню внизу, кнопка «Правила игр».	These rules are always available: tap Game Rules at the bottom of the main menu.	Diese Regeln sind immer verfügbar: unten im Hauptmenü unter Spielregeln.	Estas reglas están siempre disponibles: pulsa Reglas de los juegos al final del menú principal.
Справочник	Guide	Handbuch	Guía
Правила игр	Game rules	Spielregeln	Reglas de los juegos
Выберите игру, чтобы раскрыть правила. Всё, что здесь написано, — то, как игра считает на самом деле.	Choose a game to view its rules. These describe how the game actually works.	Wähle ein Spiel, um seine Regeln zu sehen. Sie beschreiben die tatsächliche Spielmechanik.	Elige un juego para ver sus reglas. Describen cómo funciona realmente el juego.
Пройти всё заново	Start everything over	Alles neu beginnen	Empezar todo de nuevo
Сброс убирает пройденные уровни и откатывает очки рейтинга за них, а звёзды оставляет.	Reset removes completed levels and their leaderboard points, but keeps your stars.	Ein Zurücksetzen entfernt abgeschlossene Level und ihre Ranglistenpunkte, behält aber deine Sterne.	El reinicio elimina niveles completados y sus puntos de clasificación, pero conserva tus estrellas.
В словесных играх слова после сброса перераспределяются между уровнями.	In word games, resetting redistributes words among levels.	Bei Wortspielen werden Wörter nach dem Zurücksetzen neu auf die Level verteilt.	En los juegos de palabras, el reinicio redistribuye las palabras entre niveles.
Сброс прогресса	Reset progress	Fortschritt zurücksetzen	Reiniciar progreso
Иконка раздела Правила игр	Game rules icon	Spielregeln-Symbol	Icono de reglas
Правила, разбор механик и сброс прогресса	Rules, gameplay explanations and progress reset	Regeln, Spielmechanik und Fortschritt zurücksetzen	Reglas, mecánicas y reinicio del progreso
Правила этой игры	Rules for this game	Regeln dieses Spiels	Reglas de este juego
Начать эту игру заново	Restart this game	Dieses Spiel neu beginnen	Reiniciar este juego
Пройденные уровни забудутся, очки рейтинга за них откатятся, звёзды останутся.	Completed levels and their leaderboard points will be reset. Stars will remain.	Abgeschlossene Level und ihre Ranglistenpunkte werden zurückgesetzt. Sterne bleiben erhalten.	Se reiniciarán los niveles completados y sus puntos. Las estrellas se conservarán.
Сбросить прогресс	Reset progress	Fortschritt zurücksetzen	Reiniciar progreso
Как играть	How to play	So wird gespielt	Cómo jugar
Правила	Rules	Regeln	Reglas
Начать игру	Start game	Spiel starten	Empezar partida
Понятно	Got it	Verstanden	Entendido
Правила игры	Game rules	Spielregeln	Reglas del juego
Все правила	All rules	Alle Regeln	Todas las reglas
Скрыть	Hide	Ausblenden	Ocultar
Показать скрытые блоки	Show hidden sections	Ausgeblendete Bereiche anzeigen	Mostrar secciones ocultas
Шпион	Spy	Spion	Espía
Поиск библейских слов	Bible Word Search	Bibel-Wortsuche	Sopa de letras bíblica
Библейские три в ряд	Bible Match-3	Bibel-Match-3	Combina 3 bíblico
Продолжить	Continue	Weiter	Continuar
Недавние игры	Recent games	Zuletzt gespielt	Juegos recientes
Ваш прогресс	Your progress	Dein Fortschritt	Tu progreso
Прогресс в играх	Game progress	Spielfortschritt	Progreso en los juegos
Общие звёзды	Shared stars	Gemeinsame Sterne	Estrellas compartidas
Монеты «Библейских слов»	Bible Words coins	Münzen in Bibelwörter	Monedas de Palabras bíblicas
Уровень «Священного слова»	Sacred Word level	Level in Heiliges Wort	Nivel de Palabra sagrada
Ярлык умеет создавать только	A shortcut can only be created by	Eine Verknüpfung kann nur erstellt werden mit	Solo se puede crear un acceso directo desde
поэтому сначала откройте приложение в нём.	so open the app there first.	öffne die App daher zuerst dort.	así que abre la aplicación allí primero.
Открыть в	Open in	Öffnen in	Abrir en
Дальше — в открывшемся	Then, in the opened	Danach im geöffneten	Después, en el
Приложение на главный экран	Add app to home screen	App zum Home-Bildschirm hinzufügen	Añadir aplicación a inicio
Нажмите	Tap	Tippe auf	Pulsa
три точки в правом нижнем углу	the three dots in the bottom right	die drei Punkte unten rechts	los tres puntos de la esquina inferior derecha
В списке нажмите	In the list, tap	Tippe in der Liste auf	En la lista, pulsa
Поделиться»	Share”	Teilen“	Compartir»
Пролистайте и выберите	Scroll and choose	Scrolle und wähle	Desplázate y elige
На экран	Add to	Zum	Añadir a
Домой	Home Screen	Home-Bildschirm	pantalla de inicio
Добавить»	Add”	Hinzufügen“	Añadir»
появится значок «Библейские игры».	the Bible Games icon will appear.	das Symbol Bibelspiele erscheint.	aparecerá el icono de Juegos bíblicos.
После установки откройте каждую игру по разу — картинки и поля	After installing, open each game once. Images and boards	Öffne nach der Installation jedes Spiel einmal. Bilder und Spielfelder	Después de instalar, abre cada juego una vez. Las imágenes y los tableros
догрузятся в память телефона, и дальше игра пойдёт без интернета.	will be saved on your phone so you can play offline.	werden auf dem Handy gespeichert, damit du offline spielen kannst.	se guardarán en el teléfono para poder jugar sin conexión.
Правила и уровни сохраняются сразу, а рисунки — только когда вы их	Rules and levels are saved immediately; images only when you	Regeln und Level werden sofort gespeichert, Bilder erst, wenn du sie	Las reglas y los niveles se guardan de inmediato; las imágenes, cuando las
однажды увидите.	view them for the first time.	zum ersten Mal siehst.	ves por primera vez.
Чтобы прогресс совпал с	To keep your progress in sync with	Damit dein Fortschritt übereinstimmt mit	Para sincronizar el progreso con
после установки зайдите в профиль	sign in to your profile after installing	melde dich nach der Installation an	inicia sesión después de instalar
по коду из бота — карточка «Вход в профиль» в меню внизу.	using a bot code via Sign in at the bottom of the menu.	mit einem Botcode über Anmelden unten im Menü.	con un código del bot desde Iniciar sesión al final del menú.
Проверка: так это увидит человек с	Preview: this is what a person using this will see:	Vorschau für Nutzer von	Vista previa para usuarios de
Ярлык на главный экран, полный экран и игра без интернета	Home screen shortcut, full screen and offline play	Home-Verknüpfung, Vollbild und Offlinespiel	Acceso directo, pantalla completa y juego sin conexión
Иконка установки на	Install icon for	Installationssymbol für	Icono de instalación en
Установить на	Install on	Installieren auf	Instalar en
Нет связи с сервером. Проверьте интернет и попробуйте ещё раз	Server unavailable. Check your connection and try again	Server nicht erreichbar. Prüfe die Verbindung und versuche es erneut	Sin conexión al servidor. Revisa la conexión y reinténtalo
Опубликованные игроки	Published players	Veröffentlichte Spieler	Jugadores publicados
Имя или	Name or	Name oder	Nombre o
Загрузка…	Loading…	Wird geladen…	Cargando…
Очки, начисленные за игру, остаются на месте: правка сохраняется отдельно	Earned game points stay unchanged: adjustments are saved separately	Erspielte Punkte bleiben erhalten: Änderungen werden separat gespeichert	Los puntos ganados se mantienen: el ajuste se guarda por separado
и не сотрётся следующей синхронизацией прогресса.	and will not be erased by the next progress sync.	und bei der nächsten Synchronisierung nicht gelöscht.	y no se borrará en la próxima sincronización.
Никого не нашлось	No one found	Niemand gefunden	No se encontró a nadie
скрыт из рейтинга	hidden from leaderboard	in der Rangliste ausgeblendet	oculto en la clasificación
Показать	Show	Anzeigen	Mostrar
Имя в рейтинге	Leaderboard name	Name in der Rangliste	Nombre en la clasificación
Очки	Points	Punkte	Puntos
Имя не может быть пустым	Name cannot be empty	Name darf nicht leer sein	El nombre no puede estar vacío
Игрок показан в рейтинге	Player shown on leaderboard	Spieler in Rangliste eingeblendet	Jugador visible en la clasificación
Игрок скрыт из рейтинга	Player hidden from leaderboard	Spieler in Rangliste ausgeblendet	Jugador oculto en la clasificación
уровней	levels	Level	niveles
уровень	level	Level	nivel
Приложение ещё не готово	App is not ready yet	App ist noch nicht bereit	La aplicación aún no está lista
Нужен вход в профиль	Sign in required	Anmeldung erforderlich	Debes iniciar sesión
Все игры	All games	Alle Spiele	Todos los juegos
Вы в общем рейтинге как	You appear on the leaderboard as	Du erscheinst in der Rangliste als	Apareces en la clasificación como
Ваши очки видите только вы	Only you can see your points	Nur du kannst deine Punkte sehen	Solo tú puedes ver tus puntos
Ваши очки пути	Your journey points	Deine Wegpunkte	Tus puntos del camino
Участие в рейтинге — дело добровольное	Joining the leaderboard is optional	Die Teilnahme an der Rangliste ist freiwillig	Participar en la clasificación es voluntario
Пока вы не нажали кнопку ниже, вашего имени нет ни в одном списке — очки	Until you tap the button below, your name is not listed. Points	Solange du nicht auf die Schaltfläche unten tippst, wird dein Name nicht gelistet. Punkte	Hasta que pulses el botón de abajo, tu nombre no aparecerá en ninguna lista. Los puntos
считаются, но видите их только вы.	are counted but visible only to you.	werden gezählt, sind aber nur für dich sichtbar.	se cuentan, pero solo tú los ves.
Если опубликуете рейтинг	If you publish your ranking	Wenn du deine Rangliste veröffentlichst	Si publicas tu clasificación
ваше имя и количество очков увидят все игроки	all players will see your name and points	sehen alle Spieler deinen Namen und deine Punkte	todos los jugadores verán tu nombre y tus puntos
приложения	application	Anwendung	aplicación
не показывается никому и никогда.	is never shown to anyone.	wird niemals jemandem angezeigt.	nunca se muestra a nadie.
Как вас показывать	Display name	Anzeigename	Nombre visible
Можно указать любое — настоящее имя не требуется. Поменять можно в любой момент.	Choose any name. Your real name is not required, and you can change it anytime.	Wähle einen beliebigen Namen. Dein echter Name ist nicht nötig. Du kannst ihn jederzeit ändern.	Elige cualquier nombre. No tiene que ser el real y puedes cambiarlo cuando quieras.
Опубликовать мой рейтинг	Publish my ranking	Meinen Rang veröffentlichen	Publicar mi clasificación
Не сейчас	Not now	Jetzt nicht	Ahora no
Убрать себя из рейтинга можно в любой момент — очки при этом сохранятся.	You can leave the leaderboard anytime and keep your points.	Du kannst die Rangliste jederzeit verlassen und deine Punkte behalten.	Puedes salir de la clasificación cuando quieras y conservar tus puntos.
вы	you	du	tú
место	place	Platz	puesto
Без места	Unranked	Ohne Platz	Sin puesto
Вас нет в общем списке	You are not on the public list	Du stehst nicht in der öffentlichen Liste	No estás en la lista pública
Опубликовать	Publish	Veröffentlichen	Publicar
Пока никто не опубликовал свой рейтинг. Будьте первым.	No one has published a ranking yet. Be the first.	Noch hat niemand seinen Rang veröffentlicht. Sei der Erste.	Nadie ha publicado su clasificación aún. Sé el primero.
Сменить имя	Change name	Namen ändern	Cambiar nombre
Убрать из рейтинга	Leave leaderboard	Rangliste verlassen	Salir de la clasificación
Общий рейтинг	Leaderboard	Gesamtrangliste	Clasificación general
игроков	players	Spieler	jugadores
Начать игры заново	Restart games	Spiele neu beginnen	Reiniciar juegos
Вход в профиль истёк	Sign-in expired	Anmeldung abgelaufen	La sesión ha caducado
Рейтинг привязан к профилю	Rankings are linked to your profile	Die Rangliste ist mit deinem Profil verknüpft	La clasificación está vinculada a tu perfil
Войти по коду из бота	Sign in with a bot code	Mit Botcode anmelden	Entrar con un código del bot
Откройте приложение в	Open the app in	Öffne die App in	Abre la aplicación en
там вход не нужен.	no sign-in is needed there.	dort ist keine Anmeldung nötig.	allí no necesitas iniciar sesión.
Очки собираются по вашему профилю	Points are tracked using your profile	Punkte werden über dein Profil erfasst	Los puntos se registran en tu perfil
иначе сервер не знает, чей это	otherwise the server cannot identify whose	sonst weiß der Server nicht, wem dieser	de lo contrario, el servidor no sabe de quién es el
прогресс. В приложении на главном экране профиль подключается кодом из бота	progress it is. In the installed app, connect your profile using a bot code	Fortschritt gehört. In der installierten App verbindest du dein Profil per Botcode	progreso. En la aplicación instalada, vincula tu perfil con un código del bot
после входа рейтинг, звёзды и уровни будут те же, что в	after signing in, rankings, stars and levels match those in	nach der Anmeldung stimmen Rangliste, Sterne und Level überein mit	al entrar, la clasificación, estrellas y niveles serán los mismos que en
Введите имя для рейтинга	Enter a leaderboard name	Gib einen Ranglistennamen ein	Introduce un nombre para la clasificación
Ваш рейтинг опубликован	Your ranking is published	Dein Rang ist veröffentlicht	Tu clasificación está publicada
Не удалось опубликовать рейтинг	Could not publish ranking	Rang konnte nicht veröffentlicht werden	No se pudo publicar la clasificación
Имя обновлено	Name updated	Name aktualisiert	Nombre actualizado
Не удалось сменить имя	Could not change name	Name konnte nicht geändert werden	No se pudo cambiar el nombre
Убрать себя из общего рейтинга? Очки сохранятся, но другие игроки вас не увидят.	Leave the public leaderboard? You keep your points, but other players will not see you.	Öffentliche Rangliste verlassen? Deine Punkte bleiben, aber andere Spieler sehen dich nicht mehr.	¿Salir de la clasificación pública? Conservarás tus puntos, pero los demás no te verán.
Вы больше не в общем рейтинге	You have left the public leaderboard	Du hast die öffentliche Rangliste verlassen	Has salido de la clasificación pública
Не удалось выйти из рейтинга	Could not leave leaderboard	Rangliste konnte nicht verlassen werden	No se pudo salir de la clasificación
Считаем ваши очки…	Calculating your points…	Deine Punkte werden berechnet…	Calculando tus puntos…
Попробуйте позже	Try later	Versuche es später	Inténtalo más tarde
Рейтинг сейчас недоступен	Leaderboard is unavailable	Rangliste derzeit nicht verfügbar	Clasificación no disponible
Иконка раздела Рейтинг	Leaderboard icon	Ranglistensymbol	Icono de clasificación
Очки за все игры и общий список игроков	Points from all games and a shared player list	Punkte aus allen Spielen und eine gemeinsame Spielerliste	Puntos de todos los juegos y lista general de jugadores
Скрыть уведомление	Dismiss notification	Hinweis ausblenden	Ocultar aviso
Новое	New	Neu	Nuevo
Рейтинг игроков	Player rankings	Spielerrangliste	Clasificación de jugadores
Очки за все пройденные уровни теперь складываются в один счёт. Посмотрите свой	Points from all completed levels now add up to one score. Check your	Punkte aus allen abgeschlossenen Leveln ergeben jetzt eine Gesamtpunktzahl. Sieh dir dein	Los puntos de todos los niveles completados se suman ahora. Consulta tu
результат и, если захотите, встаньте в общий список под любым именем.	result and, if you wish, join the leaderboard under any name.	Ergebnis an und tritt auf Wunsch unter einem beliebigen Namen der Rangliste bei.	resultado y, si quieres, únete a la lista con cualquier nombre.
Посмотреть рейтинг	View leaderboard	Rangliste ansehen	Ver clasificación
Ещё	More	Mehr	Más
Иконка раздела Ещё	More section icon	Symbol für Mehr	Icono de Más
Профиль, правила, рейтинг, поддержка и установка	Profile, rules, leaderboard, support and installation	Profil, Regeln, Rangliste, Support und Installation	Perfil, reglas, clasificación, soporte e instalación
запись ждёт	entry waiting	Eintrag wartet	registro pendiente
записей ждут	entries waiting	Einträge warten	registros pendientes
Нет сети — играете офлайн.	No connection — playing offline.	Keine Verbindung — du spielst offline.	Sin conexión — estás jugando sin internet.
отправки	to send	zum Senden	de envío
Нет сети — играете офлайн, прогресс сохраняется на устройстве	Offline — progress is saved on this device	Offline — Fortschritt wird auf diesem Gerät gespeichert	Sin conexión — el progreso se guarda en este dispositivo
Связь вернулась — отправляем сохранённое	Back online — syncing saved progress	Wieder online — gespeicherter Fortschritt wird synchronisiert	Conexión recuperada — sincronizando el progreso
Готово обновление приложения	App update ready	App-Update bereit	Actualización disponible
уровня	level	Level	nivel
Сбросить	Reset	Zurücksetzen	Reiniciar
Прогресс	Progress	Fortschritt	Progreso
Начать заново	Start over	Neu beginnen	Empezar de nuevo
Сброс убирает пройденные уровни и	Reset removes completed levels and	Zurücksetzen entfernt abgeschlossene Level und	El reinicio elimina los niveles completados y
откатывает очки рейтинга	resets leaderboard points	setzt die Ranglistenpunkte zurück	restablece los puntos de clasificación
за них.	earned from them.	die dafür erspielt wurden.	obtenidos en ellos.
Заработанные звёзды остаются — их не отбираем.	Your earned stars are kept.	Deine verdienten Sterne bleiben erhalten.	Conservas las estrellas ganadas.
Сбросить всё	Reset all	Alles zurücksetzen	Reiniciar todo
Отменить сброс нельзя. Прогресс хранится на этом устройстве, поэтому на других он останется, пока они не синхронизируются.	Reset cannot be undone. Progress on other devices remains until they sync.	Das Zurücksetzen kann nicht rückgängig gemacht werden. Fortschritt auf anderen Geräten bleibt bis zur Synchronisierung erhalten.	El reinicio no se puede deshacer. El progreso en otros dispositivos se conserva hasta que se sincronicen.
Отмена	Cancel	Abbrechen	Cancelar
Сброшено. Из рейтинга ушло	Reset. Leaderboard points removed:	Zurückgesetzt. Entfernte Ranglistenpunkte:	Reiniciado. Puntos eliminados de la clasificación:
очков	points	Punkte	puntos
Сброшено, рейтинг пересчитан	Reset; leaderboard recalculated	Zurückgesetzt; Rangliste neu berechnet	Reiniciado; clasificación recalculada
Сброшено. Рейтинг пересчитается, когда появится связь	Reset. Leaderboard will update when back online	Zurückgesetzt. Rangliste wird aktualisiert, sobald du wieder online bist	Reiniciado. La clasificación se actualizará al recuperar la conexión
Очки рейтинга за пройденные уровни этой игры вернутся к нулю.	Leaderboard points for completed levels in this game will return to zero.	Ranglistenpunkte für abgeschlossene Level dieses Spiels werden auf null gesetzt.	Los puntos por niveles completados en este juego volverán a cero.
Сбросить весь прогресс?	Reset all progress?	Gesamten Fortschritt zurücksetzen?	¿Reiniciar todo el progreso?
Все пройденные уровни всех игр будут забыты, а очки рейтинга пересчитаны с нуля. Звёзды останутся.	All completed levels will be reset and leaderboard points recalculated from zero. Stars will remain.	Alle abgeschlossenen Level werden zurückgesetzt und Ranglistenpunkte von null neu berechnet. Sterne bleiben erhalten.	Se reiniciarán todos los niveles completados y los puntos desde cero. Las estrellas se conservarán.
Чат комнаты	Room chat	Raumchat	Chat de la sala
Подключение…	Connecting…	Verbindung wird hergestellt…	Conectando…
Сообщение…	Message…	Nachricht…	Mensaje…
Подключаем чат…	Connecting chat…	Chat wird verbunden…	Conectando chat…
Чат временно недоступен	Chat temporarily unavailable	Chat vorübergehend nicht verfügbar	Chat temporalmente no disponible
Онлайн	Online	Online	En línea
Ошибка чата	Chat error	Chatfehler	Error de chat
Нет связи	No connection	Keine Verbindung	Sin conexión
Сообщений пока нет	No messages yet	Noch keine Nachrichten	Aún no hay mensajes
Выбран	Selected	Ausgewählt	Seleccionado
Выбрана	Selected	Ausgewählt	Seleccionada
Нажмите, чтобы выбрать	Tap to select	Zum Auswählen tippen	Pulsa para seleccionar
Выберите игрока	Select a player	Spieler auswählen	Elige un jugador
Выберите карту	Select a card	Karte auswählen	Elige una carta
Спросить карту	Ask for card	Nach Karte fragen	Pedir carta
Сделайте 2 выбора	Make 2 selections	Triff 2 Auswahlen	Haz 2 selecciones
Шаг 1	Step 1	Schritt 1	Paso 1
выбери, у кого спросить карту	choose whom to ask for a card	wähle, wen du nach einer Karte fragst	elige a quién pedir una carta
Сейчас действует	Now playing	Jetzt am Zug	Juega ahora
игрок	player	Spieler	jugador
в партии	in the game	im Spiel	en la partida
Твоя рука	Your hand	Deine Hand	Tu mano
Шаг 2	Step 2	Schritt 2	Paso 2
выбери недостающую карту	choose a missing card	wähle eine fehlende Karte	elige una carta que te falte
Можно заранее продумать следующий запрос	You can plan your next request	Du kannst deine nächste Anfrage planen	Puedes planear tu próxima petición
Ваш ход	Your turn	Du bist dran	Tu turno
Выберите карту и соперника	Choose a card and opponent	Wähle eine Karte und einen Mitspieler	Elige una carta y un rival
код комнаты	room code	Raumcode	código de sala
Быстрый выбор соперника	Quick opponent selection	Schnelle Mitspielerauswahl	Selección rápida de rival
Соперник	Opponent	Mitspieler	Rival
Карта	Card	Karte	Carta
Ожидайте хода другого игрока	Wait for the other player	Warte auf den anderen Spieler	Espera el turno del otro jugador
Ожидайте хода	Wait for your turn	Warte auf deinen Zug	Espera tu turno
В любом порядке	In any order	In beliebiger Reihenfolge	En cualquier orden
Панель обновится	Panel will refresh	Bereich wird aktualisiert	El panel se actualizará
недостающая карта. Нажмите, чтобы выбрать	missing card. Tap to select	fehlende Karte. Zum Auswählen tippen	carta que falta. Pulsa para seleccionar
Код комнаты пока недоступен	Room code not available yet	Raumcode noch nicht verfügbar	El código de sala aún no está disponible
код ещё загружается. Попробуйте снова.	code is still loading. Try again.	Code wird noch geladen. Versuche es erneut.	el código sigue cargando. Reinténtalo.
Не удалось открыть	Could not open	Öffnen fehlgeschlagen	No se pudo abrir
код	code	Code	código
Иоанн	John	Johannes	Juan
Иаков	Jacob	Jakob	Jacob
Один короткий вопрос	One quick question	Eine kurze Frage	Una pregunta rápida
Откуда вы узнали о «Библейских играх»?	How did you hear about Bible Games?	Wie hast du von Bibelspiele erfahren?	¿Cómo conociste Juegos bíblicos?
Напишите своими словами. Это поможет понять, где люди находят приложение и что стоит развивать дальше.	Tell us in your own words. This helps us understand how people find the app and what to develop next.	Erzähl es uns in deinen eigenen Worten. So erfahren wir, wie Menschen die App finden und was wir weiterentwickeln sollten.	Cuéntanos con tus palabras. Nos ayuda a saber cómo encontráis la aplicación y qué desarrollar después.
Ваш ответ	Your answer	Deine Antwort	Tu respuesta
Например: рассказал друг, увидел в	For example: a friend told me, I saw it in	Zum Beispiel: Ein Freund hat es erzählt, gesehen in	Por ejemplo: me lo contó un amigo, lo vi en un
канале, нашёл через поиск…	a channel, found it through search…	einem Kanal, über die Suche gefunden…	canal, lo encontré buscando…
Напишите хотя бы пару слов	Write at least a few words	Schreib mindestens ein paar Worte	Escribe al menos unas palabras
Присоединиться к игре	Join game	Spiel beitreten	Unirse al juego
Подключение по	Connect via	Verbinden über	Conectar mediante
Откройте «Сканировать	Open “Scan	Öffne „Scannen	Abre «Escanear
в «Библейских играх» на другом телефоне.	in Bible Games on another phone.	in Bibelspiele auf einem anderen Handy.	en Juegos bíblicos en otro teléfono.
Создаём	Creating	Wird erstellt	Creando
Код комнаты	Room code	Raumcode	Código de sala
Скопировать ссылку	Copy link	Link kopieren	Copiar enlace
Поделиться	Share	Teilen	Compartir
Не удалось подготовить	Could not prepare	Vorbereitung fehlgeschlagen	No se pudo preparar
ссылку. Попробуйте ещё раз.	link. Try again.	Link. Versuche es erneut.	enlace. Reinténtalo.
ссылка скопирована	link copied	Link kopiert	enlace copiado
Присоединяйтесь к комнате	Join the room	Tritt dem Raum bei	Únete a la sala
в «Библейских играх»	in Bible Games	in Bibelspiele	en Juegos bíblicos
Не удалось открыть меню «Поделиться»	Could not open share menu	Teilen-Menü konnte nicht geöffnet werden	No se pudo abrir el menú Compartir
не удалось загрузить. Используйте код комнаты.	could not be loaded. Use the room code.	konnte nicht geladen werden. Nutze den Raumcode.	no se pudo cargar. Usa el código de sala.
Сканировать	Scan	Scannen	Escanear
Подключиться к комнате камерой	Join a room using your camera	Mit der Kamera einem Raum beitreten	Unirse a una sala con la cámara
подключение к комнате	joining room	Raum beitreten	conexión a la sala
ссылку	link	Link	enlace
Не удалось поделиться ссылкой	Could not share link	Link konnte nicht geteilt werden	No se pudo compartir el enlace
БИБЛЕЙСКИЕ ИГРЫ	BIBLE GAMES	BIBELSPIELE	JUEGOS BÍBLICOS
Сканирование	Scanning	Scannen	Escaneo
доступно во встроенном приложении	available in the native app	in der nativen App verfügbar	disponible en la aplicación nativa
Не удалось открыть сканер	Could not open scanner	Scanner konnte nicht geöffnet werden	No se pudo abrir el escáner
Сервис профиля не настроен	Profile service not configured	Profildienst nicht eingerichtet	Servicio de perfil sin configurar
Профиль доступен только внутри	Profile is only available in	Profil nur verfügbar in	Perfil disponible solo en
Профиль и избранное	Profile and favorites	Profil und Favoriten	Perfil y favoritos
Открыть избранные игры	Open favorite games	Lieblingsspiele öffnen	Abrir juegos favoritos
Избранное	Favorites	Favoriten	Favoritos
Открыть профиль	Open profile	Profil öffnen	Abrir perfil
Профиль	Profile	Profil	Perfil
Ваш игровой профиль	Your gaming profile	Dein Spielprofil	Tu perfil de juego
Закрыть профиль	Close profile	Profil schließen	Cerrar perfil
Разделы профиля	Profile sections	Profilbereiche	Secciones del perfil
Загружаем профиль…	Loading profile…	Profil wird geladen…	Cargando perfil…
Не удалось открыть профиль	Could not open profile	Profil konnte nicht geöffnet werden	No se pudo abrir el perfil
не указан	not specified	nicht angegeben	no indicado
Сокровища	Treasures	Schätze	Tesoros
по вашей статистике	based on your statistics	laut deiner Statistik	según tus estadísticas
пока нет данных	no data yet	noch keine Daten	aún sin datos
Откройте любую игру — здесь появится статистика.	Open any game to see statistics here.	Öffne ein Spiel, um hier Statistiken zu sehen.	Abre cualquier juego para ver aquí las estadísticas.
Игровой профиль	Gaming profile	Spielprofil	Perfil de juego
партий	games	Partien	partidas
друзей	friends	Freunde	amigos
избранных	favorites	Favoriten	favoritos
Игровые показатели	Game statistics	Spielstatistik	Estadísticas de juego
синхронизируются с облаком	synced to the cloud	mit der Cloud synchronisiert	sincronizados con la nube
Чаще играете	Most played	Am häufigsten gespielt	Más jugado
Список друзей пока пуст	Your friends list is empty	Deine Freundesliste ist noch leer	Tu lista de amigos está vacía
Найдите человека по	Find someone by	Finde jemanden anhand von	Busca a alguien por
После добавления вы сможете приглашать его прямо в игровые комнаты.	Once added, you can invite them directly to game rooms.	Nach dem Hinzufügen kannst du diese Person direkt in Spielräume einladen.	Después de añadirlo, podrás invitarlo directamente a las salas.
Найти	Find	Finden	Buscar
Мои друзья	My friends	Meine Freunde	Mis amigos
Удалить	Remove	Entfernen	Eliminar
Друг	Friend	Freund	Amigo
В избранном	Favorited	Als Favorit gespeichert	En favoritos
Добавить	Add	Hinzufügen	Añadir
Избранные игры	Favorite games	Lieblingsspiele	Juegos favoritos
Отмеченные игры сохраняются в вашем профиле и доступны на любом устройстве.	Favorite games are saved to your profile and available on any device.	Markierte Spiele werden in deinem Profil gespeichert und sind auf jedem Gerät verfügbar.	Los juegos favoritos se guardan en tu perfil y están disponibles en cualquier dispositivo.
Ищем игрока…	Finding player…	Spieler wird gesucht…	Buscando jugador…
Игрок не найден. Он должен хотя бы один раз открыть «Библейские игры».	Player not found. They must open Bible Games at least once.	Spieler nicht gefunden. Er muss Bibelspiele mindestens einmal öffnen.	Jugador no encontrado. Debe abrir Juegos bíblicos al menos una vez.
Это ваш собственный профиль.	This is your own profile.	Das ist dein eigenes Profil.	Este es tu propio perfil.
Игрок добавлен в друзья	Player added as friend	Spieler als Freund hinzugefügt	Jugador añadido a amigos
Игрок удалён из друзей	Player removed from friends	Spieler aus Freundesliste entfernt	Jugador eliminado de amigos
Добавлено в избранное	Added to favorites	Zu Favoriten hinzugefügt	Añadido a favoritos
Удалено из избранного	Removed from favorites	Aus Favoriten entfernt	Eliminado de favoritos
Не удалось скопировать	Could not copy	Kopieren fehlgeschlagen	No se pudo copiar
партия	game	Partie	partida
партии	games	Partien	partidas
Всё готово!	Ready!	Alles bereit!	¡Todo listo!
Не удалось завершить запуск приложения.	Could not finish starting the app.	App-Start konnte nicht abgeschlossen werden.	No se pudo completar el inicio de la aplicación.
Попробуем ещё раз	Let us try again	Noch einmal versuchen	Vamos a intentarlo de nuevo
Готовим игры…	Preparing games…	Spiele werden vorbereitet…	Preparando juegos…
Собираем игровое пространство…	Building your game world…	Deine Spielwelt entsteht…	Creando tu mundo de juegos…
Почти готово…	Almost ready…	Fast fertig…	Casi listo…
Ещё немного…	Just a moment…	Einen Moment noch…	Un momento más…
Техническая проблема	Technical issue	Technisches Problem	Problema técnico
Проблема с игрой	Game issue	Spielproblem	Problema con el juego
Аккаунт и прогресс	Account and progress	Konto und Fortschritt	Cuenta y progreso
Предложение	Suggestion	Vorschlag	Sugerencia
Другое	Other	Sonstiges	Otro
Техподдержка	Support	Support	Soporte
Вы	You	Du	Tú
История обращений доступна при открытии приложения через	Support history is available when opening the app through	Supportverlauf ist verfügbar, wenn du die App öffnest über	El historial está disponible al abrir la aplicación desde
У вас пока нет обращений.	You have no support requests yet.	Du hast noch keine Supportanfragen.	Aún no tienes consultas.
Не удалось загрузить обращения	Could not load requests	Anfragen konnten nicht geladen werden	No se pudieron cargar las consultas
Источник	Source	Quelle	Origen
Веб-приложение в	Web app in	Web-App in	Aplicación web en
Откройте веб-приложение через	Open the web app through	Öffne die Web-App über	Abre la aplicación web desde
чтобы отправить обращение и получить ответ.	to send a request and receive a reply.	um eine Anfrage zu senden und eine Antwort zu erhalten.	para enviar una consulta y recibir respuesta.
Техническая поддержка	Technical support	Technischer Support	Soporte técnico
Напишите нам — ответ появится здесь, а администратор получит уведомление.	Write to us. The reply will appear here and an administrator will be notified.	Schreib uns. Die Antwort erscheint hier und ein Administrator wird benachrichtigt.	Escríbenos. La respuesta aparecerá aquí y se avisará al administrador.
Тема	Topic	Thema	Tema
Опишите проблему	Describe the problem	Beschreibe das Problem	Describe el problema
Что произошло? Что вы ожидали увидеть?	What happened? What did you expect?	Was ist passiert? Was hast du erwartet?	¿Qué pasó? ¿Qué esperabas ver?
Отправить обращение	Send request	Anfrage senden	Enviar consulta
Мои обращения	My requests	Meine Anfragen	Mis consultas
Загружаем…	Loading…	Wird geladen…	Cargando…
Опишите проблему хотя бы в нескольких словах.	Describe the issue in at least a few words.	Beschreibe das Problem mit mindestens ein paar Worten.	Describe el problema al menos en unas palabras.
Обращение	Request	Anfrage	Consulta
отправлено.	sent.	gesendet.	enviada.
Не удалось отправить обращение	Could not send request	Anfrage konnte nicht gesendet werden	No se pudo enviar la consulta
Загружаем обращения…	Loading requests…	Anfragen werden geladen…	Cargando consultas…
Новых обращений нет.	No new requests.	Keine neuen Anfragen.	No hay consultas nuevas.
Пользователь	User	Nutzer	Usuario
Ответ пользователю…	Reply to user…	Antwort an Nutzer…	Respuesta al usuario…
Отправить ответ	Send reply	Antwort senden	Enviar respuesta
В работе	In progress	In Bearbeitung	En proceso
Есть ответ	Answered	Beantwortet	Respondida
Закрыто	Closed	Geschlossen	Cerrada
Не удалось изменить статус	Could not change status	Status konnte nicht geändert werden	No se pudo cambiar el estado
Светлая	Light	Hell	Claro
Тёмная	Dark	Dunkel	Oscuro
Включить светлую тему	Switch to light theme	Helles Design aktivieren	Activar tema claro
Включить тёмную тему	Switch to dark theme	Dunkles Design aktivieren	Activar tema oscuro
Подготовка «Священного слова»...	Preparing Sacred Word...	Heiliges Wort wird vorbereitet...	Preparando Palabra sagrada...
Не удалось подготовить игру	Could not prepare game	Spiel konnte nicht vorbereitet werden	No se pudo preparar el juego
Проверьте соединение и попробуйте открыть «Священное слово» ещё раз.	Check your connection and open Sacred Word again.	Prüfe die Verbindung und öffne Heiliges Wort erneut.	Revisa la conexión y abre Palabra sagrada de nuevo.
Усилители	Boosters	Verstärker	Potenciadores
за звёзды	for stars	für Sterne	por estrellas
Усилители перед стартом	Pre-game boosters	Verstärker vor Spielbeginn	Potenciadores antes de empezar
Уровень	Level	Level	Nivel
Путь света	Path of Light	Pfad des Lichts	Camino de la Luz
Уровень пройден!	Level complete!	Level geschafft!	¡Nivel completado!
из 3	of 3	von 3	de 3
Ходы	Moves	Züge	Movimientos
Каскад	Cascade	Kaskade	Cascada
Награды	Rewards	Belohnungen	Recompensas
Прогресс +1	Progress +1	Fortschritt +1	Progreso +1
Следующий уровень	Next level	Nächstes Level	Siguiente nivel
Цепь	Chain	Kette	Cadena
Скрижаль	Tablet	Gesetzestafel	Tabla
Лампада	Lamp	Öllampe	Lámpara
Тернии	Thorns	Dornen	Espinas
Ковчег	Ark	Arche	Arca
Ворота	Gate	Tor	Puerta
Обучение	Tutorial	Einführung	Tutorial
Пропустить	Skip	Überspringen	Saltar
Далее	Next	Weiter	Siguiente
Шаг	Step	Schritt	Paso
из	of	von	de
Иконка игры Библейские сокровища	Bible Treasures game icon	Bibelschätze-Spielsymbol	Icono de Tesoros bíblicos
Результат уровня	Level result	Levelergebnis	Resultado del nivel
из 3 звёзд	of 3 stars	von 3 Sternen	de 3 estrellas
Перейти к следующему уровню	Go to next level	Zum nächsten Level	Ir al siguiente nivel
Повторить текущий уровень	Retry this level	Dieses Level wiederholen	Repetir este nivel
Вернуться в меню уровней	Return to levels	Zurück zur Levelauswahl	Volver a los niveles
Как получить звёзды	How to earn stars	So verdienst du Sterne	Cómo ganar estrellas
выполнить все цели уровня.	complete all level goals.	erfülle alle Levelziele.	cumple todos los objetivos.
выполнить цели, сохранив не меньше 8% ходов, либо набрать порог 2 звёзд по очкам.	complete the goals with at least 8% of moves left, or reach the 2-star score threshold.	erfülle die Ziele mit mindestens 8% übrigen Zügen oder erreiche die Punkteschwelle für 2 Sterne.	cumple los objetivos con al menos un 8% de movimientos restantes o alcanza la puntuación de 2 estrellas.
выполнить цели, сохранив не меньше 20% ходов, либо набрать порог 3 звёзд по очкам.	complete the goals with at least 20% of moves left, or reach the 3-star score threshold.	erfülle die Ziele mit mindestens 20% übrigen Zügen oder erreiche die Punkteschwelle für 3 Sterne.	cumple los objetivos con al menos un 20% de movimientos restantes o alcanza la puntuación de 3 estrellas.
Особый усилитель	Special booster	Spezialverstärker	Potenciador especial
Смахните радугу с символом — исчезнут все такие фишки на поле.	Swap the rainbow with a symbol to clear every matching piece.	Tausche den Regenbogen mit einem Symbol, um alle Steine dieser Art zu entfernen.	Intercambia el arcoíris con un símbolo para eliminar todas las fichas de ese tipo.
соедините соседнюю пару	combine an adjacent pair	kombiniere ein benachbartes Paar	combina una pareja adyacente
Особые фишки уже на поле — просто смахните нужную фишку.	Special pieces are on the board — swipe one to use it.	Spezialsteine liegen bereits auf dem Feld — wische den gewünschten Stein.	Las fichas especiales ya están en el tablero: desliza la que quieras usar.
Вход	Sign in	Anmelden	Iniciar sesión
Свой прогресс на этом устройстве	Your progress on this device	Dein Fortschritt auf diesem Gerät	Tu progreso en este dispositivo
Введите свой	Enter your	Gib deine Kennung ein:	Introduce tu
бот пришлёт код подтверждения.	the bot will send a verification code.	der Bot sendet dir einen Bestätigungscode.	el bot enviará un código de verificación.
После входа звёзды, уровни и рейтинг будут те же, что в	After signing in, your stars, levels and ranking will match those in	Nach der Anmeldung entsprechen deine Sterne, Level und Rangliste denen in	Al iniciar sesión, tus estrellas, niveles y clasificación serán los mismos que en
Например, 123456789	For example, 123456789	Zum Beispiel 123456789	Por ejemplo, 123456789
Узнать	Find your	Erfahre deine	Consulta tu
можно у бота	from the bot	beim Bot	en el bot
он ответит числом.	it will reply with a number.	er antwortet mit einer Zahl.	responderá con un número.
Получить код	Get code	Code anfordern	Obtener código
Играть без входа	Play without signing in	Ohne Anmeldung spielen	Jugar sin iniciar sesión
Подтверждение	Verification	Bestätigung	Verificación
Код отправлен в	Code sent to	Code gesendet an	Código enviado a
Откройте бота и введите шестизначный код. Он действует десять минут.	Open the bot and enter the six-digit code. It is valid for ten minutes.	Öffne den Bot und gib den sechsstelligen Code ein. Er gilt zehn Minuten.	Abre el bot e introduce el código de seis dígitos. Es válido durante diez minutos.
Код из бота	Code from bot	Code vom Bot	Código del bot
Войти	Sign in	Anmelden	Entrar
Изменить	Change	Ändern	Cambiar
это число из пяти и более цифр	is a number with at least five digits	ist eine Zahl mit mindestens fünf Ziffern	es un número de al menos cinco dígitos
Откройте	Open	Öffne	Abre
нажмите	tap	tippe auf	pulsa
и попробуйте снова	and try again	und versuche es erneut	e inténtalo de nuevo
Введите шесть цифр из сообщения бота	Enter the six digits from the bot message	Gib die sechs Ziffern aus der Botnachricht ein	Introduce los seis dígitos del mensaje del bot
Иконка профиля	Profile icon	Profilsymbol	Icono de perfil
Режим поля	Board mode	Spielfeldmodus	Modo de tablero
Классика	Classic	Klassisch	Clásico
Змейка	Snake	Schlange	Serpiente
Проведите по буквам	Swipe across letters	Streiche über die Buchstaben	Desliza por las letras
Комбо ×1	Combo ×1	Kombo ×1	Combo ×1
Глава 1	Chapter 1	Kapitel 1	Capítulo 1
Основы	Basics	Grundlagen	Fundamentos
Глава 2	Chapter 2	Kapitel 2	Capítulo 2
Мир Библии	World of the Bible	Welt der Bibel	Mundo de la Biblia
Глава 3	Chapter 3	Kapitel 3	Capítulo 3
Люди и места	People and places	Menschen und Orte	Personas y lugares
Глава 4	Chapter 4	Kapitel 4	Capítulo 4
Истории и вера	Stories and faith	Geschichten und Glaube	Historias y fe
Глава 5	Chapter 5	Kapitel 5	Capítulo 5
Судьи, цари и книги	Judges, kings and books	Richter, Könige und Bücher	Jueces, reyes y libros
Глава 6	Chapter 6	Kapitel 6	Capítulo 6
Живой мир	Living world	Lebendige Welt	Mundo vivo
Глава 7	Chapter 7	Kapitel 7	Capítulo 7
Святилище и служение	Sanctuary and ministry	Heiligtum und Dienst	Santuario y servicio
Глава 8	Chapter 8	Kapitel 8	Capítulo 8
Земля Библии	Bible lands	Länder der Bibel	Tierras bíblicas
Глава 9	Chapter 9	Kapitel 9	Capítulo 9
Новый Завет и грядущее	New Testament and things to come	Neues Testament und Zukunft	Nuevo Testamento y lo venidero
Глава	Chapter	Kapitel	Capítulo
Комбо	Combo	Kombo	Combo
Свиток бонусов	Bonus scroll	Bonusschriftrolle	Pergamino de bonificaciones
Отпустите, чтобы проверить	Release to check	Zum Prüfen loslassen	Suelta para comprobar
АБВГДЕЖЗИКЛМНОПРСТУФХЦЧШЩЭЮЯ	ABCDEFGHIJKLMNOPQRSTUVWXYZ	ABCDEFGHIJKLMNOPQRSTUVWXYZÄÖÜ	ABCDEFGHIJKLMNÑOPQRSTUVWXYZ
Выберите уровень сложности	Choose difficulty	Schwierigkeitsgrad wählen	Elige la dificultad
Лёгкий	Easy	Leicht	Fácil
Средний	Medium	Mittel	Medio
Тяжёлый	Hard	Schwer	Difícil
Ошибка загрузки слов	Could not load words	Wörter konnten nicht geladen werden	Error al cargar palabras
Команда	Team	Team	Equipo
Время раунда	Round duration	Rundendauer	Duración de la ronda
мин 30 сек	min 30 sec	Min. 30 Sek.	min 30 s
Допустимо от 1 до 180 секунд	Allowed: 1 to 180 seconds	Erlaubt: 1 bis 180 Sekunden	De 1 a 180 segundos
Количество команд	Number of teams	Anzahl der Teams	Número de equipos
Измените при необходимости	Change if needed	Bei Bedarf ändern	Cambia si es necesario
Какая команда играет сейчас?	Which team is playing now?	Welches Team spielt jetzt?	¿Qué equipo juega ahora?
Начать раунд	Start round	Runde starten	Empezar ronda
Неизвестный	Unknown	Unbekannt	Desconocido
Введите число от 1 до 180.	Enter a number from 1 to 180.	Gib eine Zahl von 1 bis 180 ein.	Introduce un número del 1 al 180.
секунд	seconds	Sekunden	segundos
Раунд	Round	Runde	Ronda
Отгадано	Guessed	Erraten	Acertadas
Не отгадано	Not guessed	Nicht erraten	No acertadas
Начать этот раунд заново	Restart this round	Diese Runde neu starten	Reiniciar esta ronda
Ошибка при начале игры.	Error starting game.	Fehler beim Spielstart.	Error al iniciar la partida.
Время вышло!	Time is up!	Zeit abgelaufen!	¡Se acabó el tiempo!
Результаты	Results	Ergebnisse	Resultados
Нет результатов. Начните игру снова.	No results. Start the game again.	Keine Ergebnisse. Starte das Spiel erneut.	Sin resultados. Inicia la partida de nuevo.
Новая игра	New game	Neues Spiel	Nueva partida
Слово	Word	Wort	Palabra
Пропущено	Skipped	Übersprungen	Saltadas
пропущено	skipped	übersprungen	saltadas
Итого	Total	Gesamt	Total
Кто играет в следующем раунде?	Who plays next round?	Wer spielt in der nächsten Runde?	¿Quién juega la próxima ronda?
Начать следующий раунд	Start next round	Nächste Runde starten	Empezar siguiente ronda
Выбрать уровень	Choose level	Level wählen	Elegir nivel
Активная команда	Active team	Aktives Team	Equipo activo
Все слова показаны	All words shown	Alle Wörter angezeigt	Se han mostrado todas las palabras
Можно начать заново или сбросить использованные слова.	Start over or reset used words.	Beginne neu oder setze verwendete Wörter zurück.	Empieza de nuevo o restablece las palabras usadas.
Сбросить использованные	Reset used words	Verwendete Wörter zurücksetzen	Restablecer palabras usadas
Пустой	Empty	Leer	Vacío
словаря	dictionary	Wörterbuch	diccionario
Мобильные улучшения	Mobile improvements	Mobile Verbesserungen	Mejoras para móviles
Возвращаемся в комнату…	Returning to room…	Zurück zum Raum…	Volviendo a la sala…
Онлайн-рисование со шпионом	Online drawing with a spy	Online-Zeichnen mit Spion	Dibujo en línea con un espía
Не подключено	Not connected	Nicht verbunden	Sin conectar
Горизонтальный режим	Landscape mode	Querformat	Modo horizontal
Поверните телефон	Rotate your phone	Drehe dein Handy	Gira el teléfono
Для рисования удобнее горизонтальный режим. Поверните устройство — игра подстроится автоматически.	Landscape is better for drawing. Rotate your device and the game will adjust automatically.	Im Querformat zeichnet es sich leichter. Drehe dein Gerät, das Spiel passt sich automatisch an.	Dibujar es más cómodo en horizontal. Gira el dispositivo y el juego se adaptará automáticamente.
Остаться вертикально	Stay in portrait	Im Hochformat bleiben	Seguir en vertical
Горизонтальный режим готов	Landscape mode ready	Querformat bereit	Modo horizontal listo
Поверните телефон горизонтально	Turn your phone sideways	Drehe dein Handy ins Querformat	Pon el teléfono en horizontal
Введите код комнаты	Enter room code	Raumcode eingeben	Introduce el código de sala
Входим в комнату…	Joining room…	Raum wird betreten…	Entrando en la sala…
Подключение	Connection	Verbindung	Conexión
Сервер долго не отвечает	Server is taking too long	Server antwortet zu langsam	El servidor tarda en responder
Не удалось подключиться к комнате	Could not connect to room	Verbindung zum Raum fehlgeschlagen	No se pudo conectar a la sala
Ошибка комнаты	Room error	Raumfehler	Error de sala
Возвращаем связь	Reconnecting	Verbindung wird wiederhergestellt	Reconectando
Нет связи с комнатой	Disconnected from room	Keine Verbindung zum Raum	Sin conexión con la sala
Введите ответ	Enter an answer	Antwort eingeben	Introduce una respuesta
слов	words	Wörter	palabras
Рисуйте. Наблюдайте. Найдите шпиона.	Draw. Watch. Find the spy.	Zeichnen. Beobachten. Spion finden.	Dibuja. Observa. Encuentra al espía.
Все, кроме шпиона, знают библейское слово. Игроки по очереди продолжают общий рисунок, а шпион пытается понять ответ по подсказкам.	Everyone except the spy knows the Bible word. Players take turns adding to a shared drawing while the spy tries to work out the answer.	Alle außer dem Spion kennen das Bibelwort. Die Spieler ergänzen abwechselnd eine gemeinsame Zeichnung, während der Spion das Wort herauszufinden versucht.	Todos menos el espía conocen la palabra bíblica. Los jugadores añaden trazos por turnos y el espía intenta descubrir la respuesta.
Категория	Category	Kategorie	Categoría
Создатель комнаты выбирает одну из шести: Предметы, Места, Люди, События, Природа или Ремёсла.	The host chooses one of six categories: Objects, Places, People, Events, Nature or Crafts.	Der Gastgeber wählt eine von sechs Kategorien: Gegenstände, Orte, Menschen, Ereignisse, Natur oder Handwerk.	El anfitrión elige entre seis categorías: Objetos, Lugares, Personas, Sucesos, Naturaleza u Oficios.
По очереди	Take turns	Abwechselnd	Por turnos
Каждый получает 40 секунд и добавляет линии на общий холст.	Each player has 40 seconds to add lines to the shared canvas.	Jeder Spieler hat 40 Sekunden, um Linien zur gemeinsamen Zeichnung hinzuzufügen.	Cada jugador tiene 40 segundos para añadir líneas al lienzo común.
Может рискнуть и назвать ответ раньше голосования.	Can risk guessing before the vote.	Kann vor der Abstimmung eine Antwort riskieren.	Puede arriesgarse a responder antes de votar.
Создать комнату	Create room	Raum erstellen	Crear sala
Ваше имя	Your name	Dein Name	Tu nombre
Слово в одной комнате не повторяется, пока не будут использованы все слова выбранной категории. После этого колода начинается заново.	Words do not repeat in a room until all words in the category have been used. Then the deck restarts.	Wörter wiederholen sich erst, wenn alle Wörter der Kategorie verwendet wurden. Danach beginnt der Stapel von vorn.	Las palabras no se repiten hasta usar todas las de la categoría. Después se reinicia la baraja.
Создать лобби	Create lobby	Lobby erstellen	Crear sala de espera
Войти по коду	Join with code	Mit Code beitreten	Entrar con código
Войти в комнату	Join room	Raum beitreten	Entrar en la sala
Для игры через	When playing via	Beim Spielen über	Al jugar mediante
используется ваша проверенная сессия. В обычном браузере доступен гостевой режим.	your verified session is used. Guest mode is available in a regular browser.	wird deine bestätigte Sitzung genutzt. Im normalen Browser gibt es einen Gastmodus.	se usa tu sesión verificada. En un navegador normal hay modo invitado.
Нужно минимум 3 игрока	At least 3 players needed	Mindestens 3 Spieler nötig	Se necesitan al menos 3 jugadores
Ждём, когда создатель комнаты начнёт раунд…	Waiting for the host to start the round…	Warten auf den Rundenstart durch den Gastgeber…	Esperando a que el anfitrión inicie la ronda…
использовано	used	verwendet	usadas
Копировать	Copy	Kopieren	Copiar
Игроки	Players	Spieler	Jugadores
Выйти из комнаты	Leave room	Raum verlassen	Salir de la sala
Общий холст	Shared canvas	Gemeinsame Leinwand	Lienzo común
Вы — шпион	You are the spy	Du bist der Spion	Eres el espía
Вы знаете только категорию	You only know the category	Du kennst nur die Kategorie	Solo conoces la categoría
Смотрите на рисунки и не выдавайте себя.	Watch the drawings and keep your identity secret.	Beobachte die Zeichnungen und verrate dich nicht.	Observa los dibujos y no te delates.
Ваше слово	Your word	Dein Wort	Tu palabra
Синодальный перевод	Bible vocabulary	Biblischer Wortschatz	Vocabulario bíblico
Ваш ход — рисуйте	Your turn — draw	Du bist dran — zeichne	Tu turno — dibuja
Проверка ответа шпиона	Checking the spy answer	Antwort des Spions prüfen	Comprobando la respuesta del espía
Кто шпион?	Who is the spy?	Wer ist der Spion?	¿Quién es el espía?
Последний шанс	Last chance	Letzte Chance	Última oportunidad
Шпион отвечает	Spy is answering	Spion antwortet	El espía responde
Приложение не нашло точного совпадения. Художники решают, засчитать ли ответ.	No exact match found. The artists decide whether to accept the answer.	Keine genaue Übereinstimmung. Die Künstler entscheiden, ob die Antwort zählt.	No hay coincidencia exacta. Los artistas deciden si aceptar la respuesta.
Выберите игрока, который, по вашему мнению, не знал слово.	Choose the player you think did not know the word.	Wähle den Spieler, der deiner Meinung nach das Wort nicht kannte.	Elige al jugador que crees que no conocía la palabra.
Шпиона нашли. Он может назвать секретное слово и украсть победу.	The spy was found. They can name the secret word and steal the win.	Der Spion wurde gefunden. Er kann das geheime Wort nennen und den Sieg stehlen.	Han encontrado al espía. Puede decir la palabra secreta y robar la victoria.
До конца хода	Turn ends in	Zug endet in	Fin del turno en
На подтверждение	Time to confirm	Bestätigungszeit	Tiempo para confirmar
На голосование	Time to vote	Abstimmungszeit	Tiempo para votar
На ответ	Time to answer	Antwortzeit	Tiempo para responder
инструменты появятся в ваш ход	tools appear on your turn	Werkzeuge erscheinen bei deinem Zug	las herramientas aparecerán en tu turno
линий на общем рисунке	lines on the shared drawing	Linien auf der gemeinsamen Zeichnung	líneas en el dibujo común
Цвет	Color	Farbe	Color
Тонко	Thin	Dünn	Fino
Средне	Medium	Mittel	Medio
Толсто	Thick	Dick	Grueso
Ластик	Eraser	Radierer	Borrador
Отменить	Undo	Rückgängig	Deshacer
Завершить ход	End turn	Zug beenden	Terminar turno
Думаете, что поняли слово?	Think you know the word?	Glaubst du, das Wort zu kennen?	¿Crees que sabes la palabra?
У шпиона один досрочный ответ. Если приложение не найдёт точное совпадение, остальные игроки проголосуют, можно ли его засчитать.	The spy gets one early guess. If there is no exact match, the other players vote on whether to accept it.	Der Spion hat einen vorzeitigen Versuch. Gibt es keine genaue Übereinstimmung, stimmen die anderen über die Antwort ab.	El espía tiene un intento anticipado. Si no hay coincidencia exacta, los demás votan si aceptarlo.
Ответ отправлен	Answer submitted	Antwort gesendet	Respuesta enviada
Приложение не нашло точного совпадения. Ждём решения остальных игроков	No exact match. Waiting for the other players to decide	Keine genaue Übereinstimmung. Warten auf die Entscheidung der anderen	Sin coincidencia exacta. Esperando la decisión de los demás
Ваш голос принят	Your vote is recorded	Deine Stimme wurde gezählt	Tu voto se ha registrado
Засчитать	Accept	Akzeptieren	Aceptar
Не засчитывать	Reject	Ablehnen	Rechazar
Засчитать ответ?	Accept this answer?	Diese Antwort akzeptieren?	¿Aceptar la respuesta?
Автоматическая проверка считает ответ несовпадающим. Если это допустимая формулировка или синоним — подтвердите.	The automatic check found no match. Accept if this is a valid wording or synonym.	Die automatische Prüfung fand keine Übereinstimmung. Bestätige eine gültige Formulierung oder ein Synonym.	La comprobación no encontró coincidencia. Acepta si es una formulación válida o un sinónimo.
Голос принят	Vote recorded	Stimme gezählt	Voto registrado
Ждём остальных игроков. После голосования станет известно, удалось ли найти шпиона.	Waiting for other players. The vote will reveal whether the spy was found.	Warten auf andere Spieler. Die Abstimmung zeigt, ob der Spion gefunden wurde.	Esperando a los demás. La votación revelará si se encontró al espía.
Ваш голос	Your vote	Deine Stimme	Tu voto
Шпион найден	Spy found	Spion gefunden	Espía descubierto
Сейчас он попробует назвать секретное слово. Если ответ будет неверным, художники победят.	They will now try to name the secret word. A wrong answer means the artists win.	Er versucht jetzt, das geheime Wort zu nennen. Bei einer falschen Antwort gewinnen die Künstler.	Ahora intentará decir la palabra secreta. Si falla, ganan los artistas.
Назовите слово. Точное совпадение приложение проверит автоматически; спорную формулировку смогут подтвердить художники.	Name the word. Exact matches are checked automatically; artists can accept other valid answers.	Nenne das Wort. Genaue Treffer werden automatisch geprüft; andere gültige Antworten können die Künstler bestätigen.	Di la palabra. Las coincidencias exactas se comprueban automáticamente; los artistas pueden aceptar otras respuestas válidas.
Ответить	Answer	Antworten	Responder
Рисование на паузе, пока команда проверяет ответ.	Drawing is paused while the team checks the answer.	Zeichnen pausiert, während das Team die Antwort prüft.	El dibujo está en pausa mientras el equipo revisa la respuesta.
Рисунок завершён. Время найти шпиона.	Drawing complete. Time to find the spy.	Zeichnung fertig. Zeit, den Spion zu finden.	Dibujo terminado. Es hora de encontrar al espía.
Шпион даёт последний ответ.	The spy is giving a final answer.	Der Spion gibt seine letzte Antwort.	El espía da su última respuesta.
Шпион победил	The spy won	Der Spion gewinnt	Ha ganado el espía
Художники победили	The artists won	Die Künstler gewinnen	Han ganado los artistas
ответ	answer	Antwort	respuesta
Новый раунд	New round	Neue Runde	Nueva ronda
Секретное слово	Secret word	Geheimes Wort	Palabra secreta
Выйти	Leave	Verlassen	Salir
Раунд завершён.	Round complete.	Runde beendet.	Ronda terminada.
нет связи	disconnected	keine Verbindung	sin conexión
сейчас рисует	drawing now	zeichnet gerade	dibuja ahora
Ведущий	Host	Gastgeber	Anfitrión
Во время раунда секретное слово нельзя отправить в чат.	You cannot send the secret word in chat during a round.	Während der Runde darf das geheime Wort nicht im Chat gesendet werden.	No puedes enviar la palabra secreta al chat durante la ronda.
Выйти из текущей комнаты?	Leave the current room?	Aktuellen Raum verlassen?	¿Salir de la sala actual?
Код комнаты скопирован	Room code copied	Raumcode kopiert	Código de sala copiado
Подключаем	Connecting	Verbindung wird hergestellt	Conectando
комнату…	room…	Raum…	sala…
Онлайн-сервер игры пока не настроен.	Online game server is not configured yet.	Onlineserver noch nicht eingerichtet.	El servidor del juego aún no está configurado.
Не удалось запустить игру	Could not start game	Spiel konnte nicht gestartet werden	No se pudo iniciar el juego
Связь	Connection	Verbindung	Conexión
Подключение отложено	Connection delayed	Verbindung verzögert	Conexión aplazada
Ур.	Lv.	Lv.	Nv.
Меню	Menu	Menü	Menú
Подсказка	Hint	Tipp	Pista
Сброс	Reset	Zurücksetzen	Reiniciar
Игровое поле	Game board	Spielfeld	Tablero
Пред.	Prev.	Zurück	Ant.
След.	Next	Weiter	Sig.
Выбор уровня	Choose level	Levelauswahl	Elegir nivel
Загадка	Puzzle	Rätsel	Acertijo
Слов	Words	Wörter	Palabras
В меню игры	Game menu	Zum Spielmenü	Al menú del juego
Нужно	Required	Benötigt	Necesitas
Списано	Deducted	Abgezogen	Descontado
за сброшенный прогресс	for reset progress	für zurückgesetzten Fortschritt	por el progreso reiniciado
Пустой список уровней или неверный формат	Empty level list or invalid format	Leere Levelliste oder ungültiges Format	Lista de niveles vacía o formato no válido
Не удалось загрузить данные	Could not load data	Daten konnten nicht geladen werden	No se pudieron cargar los datos
Стэктрейс недоступен	Stack trace unavailable	Stapelspur nicht verfügbar	Traza no disponible
Очистить кэш игры	Clear game cache	Spielcache löschen	Borrar caché del juego
Уровень сброшен	Level reset	Level zurückgesetzt	Nivel reiniciado
Уровни	Levels	Level	Niveles
Микс	Shuffle	Mischen	Mezclar
Подсказка 6	Hint 6	Tipp 6	Pista 6
Слово 20	Word 20	Wort 20	Palabra 20
Бонус	Bonus	Bonus	Bonificación
Нажми, чтобы перейти.	Tap to open.	Zum Öffnen tippen.	Pulsa para abrir.
Бонусные слова	Bonus words	Bonuswörter	Palabras extra
Бонусные слова уровня	Level bonus words	Bonuswörter dieses Levels	Palabras extra del nivel
Засчитанные бонусы этого уровня. За каждое +2	Accepted bonus words for this level. Each gives +2	Gewertete Bonuswörter dieses Levels. Jeweils +2	Palabras extra aceptadas en este nivel. Cada una da +2
один раз.	once.	einmalig.	una vez.
пройден	completed	abgeschlossen	completado
Пока нет бонусных слов на этом уровне.	No bonus words found on this level yet.	Noch keine Bonuswörter in diesem Level gefunden.	Aún no hay palabras extra en este nivel.
бонус	bonus	Bonus	bonificación
Уже найдено!	Already found!	Bereits gefunden!	¡Ya encontrada!
Отлично!	Great!	Klasse!	¡Genial!
Уровень пройден! +10	Level complete! +10	Level geschafft! +10	¡Nivel completado! +10
Уже в бонусах	Already a bonus	Bereits als Bonus gewertet	Ya está en las extras
Бонус! +2	Bonus! +2	Bonus! +2	¡Bonificación! +2
Такого слова нет в Библии	This word is not in the game dictionary	Dieses Wort steht nicht im Spielwörterbuch	Esta palabra no está en el diccionario del juego
Нужно 6	Need 6	Benötigt: 6	Necesitas 6
Всё найдено	Everything found	Alles gefunden	Todo encontrado
Нет букв для подсказки	No letters left to reveal	Keine Buchstaben mehr aufzudecken	No quedan letras por revelar
Открыта буква	Letter revealed	Buchstabe aufgedeckt	Letra revelada
Нужно 20	Need 20	Benötigt: 20	Necesitas 20
Открыто	Revealed	Aufgedeckt	Revelado
Не удалось загрузить уровни.	Could not load levels.	Level konnten nicht geladen werden.	No se pudieron cargar los niveles.
Проверь файл уровней.	Check the levels file.	Prüfe die Leveldatei.	Revisa el archivo de niveles.
Три в ряд	Match-3	Match-3	Combina 3
Собирайте библейские сокровища и проходите Путь света	Collect Bible treasures and follow the Path of Light	Sammle Bibelschätze und folge dem Pfad des Lichts	Reúne tesoros bíblicos y recorre el Camino de la Luz
На время	Timed	Auf Zeit	Contrarreloj
лучший счёт	best score	Höchstpunktzahl	mejor puntuación
сек.	sec	Sek.	s
Играть	Play	Spielen	Jugar
Время	Time	Zeit	Tiempo
осталось	remaining	übrig	restantes
Свободная игра	Free play	Freies Spiel	Juego libre
Время вышло	Time is up	Zeit abgelaufen	Tiempo agotado
Библия	Bible	Bibel	Biblia
Рыба	Fish	Fisch	Pez
Голубь	Dove	Taube	Paloma
Светильник	Lamp	Lampe	Lámpara
Венец	Crown	Krone	Corona
Хлеб	Bread	Brot	Pan
Виноград	Grapes	Trauben	Uvas
Скрижали	Tablets	Gesetzestafeln	Tablas
Манна с небес	Manna from Heaven	Manna vom Himmel	Maná del cielo
Масло светильника	Lamp Oil	Lampenöl	Aceite de lámpara
Радуга Завета	Covenant Rainbow	Regenbogen des Bundes	Arcoíris del pacto
Головоломка	Puzzle	Rätsel	Rompecabezas
Первый свет	First Light	Erstes Licht	Primera luz
Баланс	Balance	Guthaben	Saldo
звёзд	stars	Sterne	estrellas
Набрать	Score	Erreiche	Consigue
Собрать	Collect	Sammle	Reúne
Очистить	Clear	Entferne	Elimina
Зажечь светильники	Light the lamps	Lampen entzünden	Enciende las lámparas
Активировать особые фишки	Activate special pieces	Spezialsteine aktivieren	Activa fichas especiales
Достичь каскада	Reach a cascade	Kaskade erreichen	Alcanza una cascada
Опустить ковчег	Bring the ark down	Bundeslade absenken	Baja el arca
Выполнить цель	Complete goal	Ziel erfüllen	Cumple el objetivo
Нет уровней	No levels	Keine Level	Sin niveles
Данные уровней недоступны или повреждены.	Level data is unavailable or damaged.	Leveldaten sind nicht verfügbar oder beschädigt.	Los datos de niveles no están disponibles o están dañados.
Библейская головоломка	Bible puzzle	Bibelrätsel	Rompecabezas bíblico
Путь, символы и комбинации	Journey, symbols and combos	Weg, Symbole und Kombinationen	Camino, símbolos y combinaciones
Собирайте, создавайте усиления и проходите испытания	Collect, create power-ups and complete challenges	Sammle, erschaffe Verstärker und meistere Prüfungen	Reúne, crea potenciadores y supera desafíos
особые фишки	special pieces	Spezialsteine	fichas especiales
библейские бустеры	Bible boosters	Bibelverstärker	potenciadores bíblicos
Дар дня готов	Daily gift ready	Tagesgeschenk bereit	Regalo diario listo
Дар дня получен	Daily gift claimed	Tagesgeschenk abgeholt	Regalo diario recibido
Ежедневное благословение	Daily blessing	Täglicher Segen	Bendición diaria
Возвращайтесь завтра за новыми звёздами	Come back tomorrow for more stars	Komm morgen für neue Sterne wieder	Vuelve mañana para conseguir más estrellas
Получить	Claim	Abholen	Recibir
Получено	Claimed	Abgeholt	Recibido
в общий баланс	to shared balance	zum gemeinsamen Guthaben	al saldo compartido
Кампания	Campaign	Kampagne	Campaña
Рекорды	Records	Rekorde	Récords
Новые рекорды открывают награды	New records unlock rewards	Neue Rekorde schalten Belohnungen frei	Los nuevos récords desbloquean recompensas
Поле	Board	Spielfeld	Tablero
награда за первое прохождение	first completion reward	Belohnung für den ersten Abschluss	recompensa por completarlo por primera vez
Доступно	Available	Verfügbar	Disponible
Выбрано	Selected	Ausgewählt	Seleccionado
Недостаточно звёзд: доступно	Not enough stars. Available:	Nicht genug Sterne. Verfügbar:	No hay suficientes estrellas. Disponibles:
Начать уровень	Start level	Level starten	Empezar nivel
Недостаточно звёзд	Not enough stars	Nicht genug Sterne	No hay suficientes estrellas
Не удалось применить усилитель — звёзды возвращены	Booster could not be applied — stars refunded	Verstärker konnte nicht angewendet werden — Sterne erstattet	No se pudo aplicar el potenciador — estrellas devueltas
Завершить свободную игру	End free play	Freies Spiel beenden	Terminar juego libre
Пауза	Pause	Pause	Pausa
Рекордный режим	High score mode	Rekordmodus	Modo récord
рекорд 0	record 0	Rekord 0	récord 0
особых	specials	Spezialsteine	especiales
на	on	auf	en
Помощь	Help	Hilfe	Ayuda
Завершить	Finish	Beenden	Terminar
Особые фишки уже на поле — просто смахните нужную фишку	Special pieces are on the board — swipe one to use it	Spezialsteine liegen auf dem Feld — wische den gewünschten Stein	Las fichas especiales ya están en el tablero: desliza la que quieras
Ковчег не двигают — убирайте фишки под ним	Do not move the ark — clear pieces beneath it	Die Bundeslade wird nicht verschoben — entferne die Steine darunter	No muevas el arca: elimina las fichas de debajo
КАСКАД	CASCADE	KASKADE	CASCADA
ТРУБА	TRUMPET	POSAUNE	TROMPETA
СВЕТ	LIGHT	LICHT	LUZ
ЗАВЕТ	COVENANT	BUND	PACTO
ОСОБАЯ	SPECIAL	SPEZIAL	ESPECIAL
КОВЧЕГ	ARK	BUNDESLADE	ARCA
ВЫЖЖЕНО	BURNED	VERBRANNT	QUEMADO
ОЧИЩЕНО	CLEARED	ENTFERNT	ELIMINADO
Нет доступных ходов — поле перемешано	No moves available — board shuffled	Keine Züge möglich — Feld gemischt	Sin movimientos disponibles: tablero mezclado
Испытание пройдено	Challenge complete	Prüfung bestanden	Desafío superado
Награда	Reward	Belohnung	Recompensa
К карте	To map	Zur Karte	Al mapa
Дальше	Next	Weiter	Siguiente
Поле исчерпано	Board exhausted	Feld erschöpft	Tablero agotado
Почти получилось	Almost there	Fast geschafft	Casi lo consigues
Нет доступных ходов	No moves available	Keine Züge möglich	No hay movimientos disponibles
Ходы закончились	Out of moves	Keine Züge mehr	Sin movimientos
На поле не осталось допустимых комбинаций. Уровень завершён.	No valid combinations remain. The level is over.	Keine gültigen Kombinationen mehr. Das Level ist beendet.	No quedan combinaciones válidas. El nivel ha terminado.
Можно продолжить ещё 5 ходов или начать заново.	Continue with 5 extra moves or start over.	Spiele mit 5 zusätzlichen Zügen weiter oder beginne neu.	Continúa con 5 movimientos más o empieza de nuevo.
Заново	Restart	Neu starten	Reiniciar
ходов	moves	Züge	movimientos
К карте уровней	To level map	Zur Levelkarte	Al mapa de niveles
Рубеж рекорда	Record milestone	Rekordmeilenstein	Hito de récord
рекорд	record	Rekord	récord
ходов завершены	moves completed	Züge abgeschlossen	movimientos completados
Новый личный рекорд	New personal best	Neuer persönlicher Rekord	Nuevo récord personal
На поле не осталось допустимых комбинаций. Партия завершена.	No valid combinations remain. The game is over.	Keine gültigen Kombinationen mehr. Das Spiel ist beendet.	No quedan combinaciones válidas. La partida ha terminado.
лучший каскад	best cascade	beste Kaskade	mejor cascada
особых активировано	specials activated	Spezialsteine aktiviert	especiales activadas
заработано в попытке	earned this attempt	in diesem Versuch verdient	ganado en este intento
Играть ещё	Play again	Noch einmal spielen	Volver a jugar
Бустер отменён	Booster cancelled	Verstärker abgebrochen	Potenciador cancelado
выберите клетку	choose a cell	wähle eine Zelle	elige una casilla
Выберите фишку без препятствия	Choose a piece without an obstacle	Wähle einen Stein ohne Hindernis	Elige una ficha sin obstáculo
РАДУГА	RAINBOW	REGENBOGEN	ARCOÍRIS
Радуга готова — смахните её с нужным символом	Rainbow ready — swap it with the desired symbol	Regenbogen bereit — tausche ihn mit dem gewünschten Symbol	Arcoíris listo: intercámbialo con el símbolo deseado
ПРАЩА	SLING	SCHLEUDER	HONDA
ПОСОХ	STAFF	STAB	VARA
ИЕРИХОН	JERICHO	JERICHO	JERICÓ
РАДУГА ЗАВЕТА	COVENANT RAINBOW	REGENBOGEN DES BUNDES	ARCOÍRIS DEL PACTO
СИЛА ЗАВЕТА	COVENANT POWER	KRAFT DES BUNDES	PODER DEL PACTO
ДВОЙНЫЕ ТРУБЫ	DOUBLE TRUMPETS	DOPPELPOSAUNEN	DOBLE TROMPETA
СВЕТ И ТРУБЫ	LIGHT AND TRUMPETS	LICHT UND POSAUNEN	LUZ Y TROMPETAS
ДВОЙНОЙ СВЕТ	DOUBLE LIGHT	DOPPELLICHT	DOBLE LUZ
КОМБИНАЦИЯ	COMBO	KOMBINATION	COMBINACIÓN
Ковчег завета	Ark of the Covenant	Bundeslade	Arca de la Alianza
Ковчег, опустите его на нижний ряд	Ark: bring it to the bottom row	Bundeslade: bringe sie in die unterste Reihe	Arca: bájala hasta la última fila
особая фишка	special piece	Spezialstein	ficha especial
Фишка	Piece	Stein	Ficha
слоя	layers	Schichten	capas
препятствие	obstacle	Hindernis	obstáculo
Ошибка загрузки тем	Error loading themes	Fehler beim Laden der Themen	Error al cargar temas
Не удалось загрузить темы	Could not load themes	Themen konnten nicht geladen werden	No se pudieron cargar los temas
Проверьте файл с темами и подключение.	Check the themes file and your connection.	Prüfe die Themendatei und die Verbindung.	Revisa el archivo de temas y la conexión.
АБВГДЕЁЖЗИЙКЛМНОПРСТУФХЦЧШЩЭЮЯ	ABCDEFGHIJKLMNOPQRSTUVWXYZ	ABCDEFGHIJKLMNOPQRSTUVWXYZÄÖÜ	ABCDEFGHIJKLMNÑOPQRSTUVWXYZ
Темы закончились	No themes left	Keine Themen mehr	No quedan temas
Можно начать новый набор тем или вернуться в меню.	Start a new set of themes or return to the menu.	Starte einen neuen Themensatz oder kehre zum Menü zurück.	Empieza un nuevo conjunto de temas o vuelve al menú.
Ведущий называет тему и букву. Первый точный ответ получает балл.	The host names a theme and a letter. The first correct answer earns a point.	Der Gastgeber nennt ein Thema und einen Buchstaben. Die erste richtige Antwort erhält einen Punkt.	El anfitrión dice un tema y una letra. La primera respuesta correcta gana un punto.
Буква раунда	Round letter	Rundenbuchstabe	Letra de la ronda
Сменить букву	Change letter	Buchstaben ändern	Cambiar letra
Опиши слово	Describe the word	Beschreibe das Wort	Describe la palabra
Игроки по очереди смотрят своё слово, затем объясняют его без прямого названия. Можно говорить признаки, назначение и ассоциации.	Players take turns viewing their word, then describe it without naming it. Use traits, purpose and associations.	Spieler sehen abwechselnd ihr Wort und erklären es, ohne es zu nennen. Nutzt Eigenschaften, Verwendung und Assoziationen.	Los jugadores ven su palabra por turnos y la describen sin nombrarla. Usa características, usos y asociaciones.
Количество игроков	Number of players	Anzahl der Spieler	Número de jugadores
От 2 до 15 участников	2 to 15 players	2 bis 15 Spieler	De 2 a 15 jugadores
Введите количество игроков от 2 до 15.	Enter a player count from 2 to 15.	Gib eine Spielerzahl von 2 bis 15 ein.	Introduce entre 2 y 15 jugadores.
Ошибка загрузки слов.	Error loading words.	Fehler beim Laden der Wörter.	Error al cargar palabras.
Все слова розданы	All words dealt	Alle Wörter verteilt	Todas las palabras repartidas
Начинайте объяснение по очереди	Take turns explaining	Erklärt abwechselnd	Explicad por turnos
Посмотрите своё слово так, чтобы остальные не увидели экран.	View your word without letting others see the screen.	Sieh dir dein Wort an, ohne den anderen den Bildschirm zu zeigen.	Mira tu palabra sin que los demás vean la pantalla.
Показать слово	Show word	Wort anzeigen	Mostrar palabra
Не называйте слово напрямую — объясняйте через признаки.	Do not name the word — describe its features.	Nenne das Wort nicht — beschreibe seine Merkmale.	No digas la palabra: describe sus características.
Следующий игрок	Next player	Nächster Spieler	Siguiente jugador
Ошибка загрузки персонажей	Error loading characters	Fehler beim Laden der Personen	Error al cargar personajes
Файл персонажей не загрузился или содержит неверный формат.	Character file could not load or has an invalid format.	Personendatei konnte nicht geladen werden oder hat ein ungültiges Format.	No se pudo cargar el archivo de personajes o su formato no es válido.
Раунд окончен	Round over	Runde beendet	Ronda terminada
Оба игрока получили персонажей	Both players have their characters	Beide Spieler haben ihre Personen	Ambos jugadores tienen sus personajes
Теперь можно играть в отгадывание или начать новый раунд.	Now start guessing or begin a new round.	Jetzt könnt ihr raten oder eine neue Runde beginnen.	Ahora podéis adivinar o empezar otra ronda.
Нажмите кнопку, посмотрите персонажа и никому его не показывайте.	Tap the button, view your character and keep it secret.	Tippe auf die Schaltfläche, sieh dir deine Person an und halte sie geheim.	Pulsa el botón, mira tu personaje y no se lo enseñes a nadie.
Показать персонажа	Show character	Person anzeigen	Mostrar personaje
Опишите персонажа так, чтобы другой игрок смог угадать.	Describe the character so the other player can guess.	Beschreibe die Person, damit der andere Spieler sie erraten kann.	Describe el personaje para que el otro jugador lo adivine.
животное	animal	Tier	animal
Лучшее время	Best time	Bestzeit	Mejor tiempo
Меньше ходов	Fewest moves	Wenigste Züge	Menos movimientos
Точность	Accuracy	Genauigkeit	Precisión
Книга путешествий	Journey book	Reisebuch	Libro de viajes
Лучшие результаты хранятся только на этом устройстве.	Best results are saved only on this device.	Bestleistungen werden nur auf diesem Gerät gespeichert.	Los mejores resultados se guardan solo en este dispositivo.
игр	games	Spiele	partidas
пар найдено	pairs found	Paare gefunden	parejas encontradas
нет рекорда	no record	kein Rekord	sin récord
Игра на внимание и память	A game of focus and memory	Ein Spiel für Aufmerksamkeit und Gedächtnis	Un juego de atención y memoria
Найди пару для ковчега	Find pairs for the ark	Finde Paare für die Arche	Encuentra parejas para el arca
Открывайте по две карточки, запоминайте животных и соберите всех попарно.	Flip two cards at a time, remember the animals and find every pair.	Decke jeweils zwei Karten auf, merke dir die Tiere und finde alle Paare.	Voltea dos cartas, recuerda los animales y encuentra todas las parejas.
Как будем играть?	How shall we play?	Wie wollen wir spielen?	¿Cómo jugamos?
Кого возьмём в путешествие?	Who is coming on the journey?	Wer kommt mit auf die Reise?	¿A quién llevamos de viaje?
Выберите поле	Choose a board	Spielfeld wählen	Elige un tablero
Уже сыграно	Games played	Bereits gespielt	Partidas jugadas
найдено пар	pairs found	Paare gefunden	parejas encontradas
Сюрприз	Surprise	Überraschung	Sorpresa
Карточка	Card	Karte	Carta
закрыта	face down	verdeckt	boca abajo
Среди карточек спрятан сюрприз	A surprise is hidden among the cards	Unter den Karten ist eine Überraschung versteckt	Hay una sorpresa escondida entre las cartas
он сразу отправится на борт.	it will go straight aboard.	sie kommt sofort an Bord.	subirá a bordo de inmediato.
Каждый ход — это две открытые карточки.	Each turn reveals two cards.	Jeder Zug deckt zwei Karten auf.	En cada turno se revelan dos cartas.
путь	journey	Reise	viaje
Начать это поле заново	Restart this board	Dieses Feld neu starten	Reiniciar este tablero
Прогресс путешествия	Journey progress	Reisefortschritt	Progreso del viaje
Животные на борту	Animals aboard	Tiere an Bord	Animales a bordo
Пары	Pairs	Paare	Parejas
Выберите первую карточку	Choose the first card	Wähle die erste Karte	Elige la primera carta
Комбо ×2	Combo ×2	Kombo ×2	Combo ×2
Настройки	Settings	Einstellungen	Ajustes
пара найдена	pair found	Paar gefunden	pareja encontrada
открыта	face up	aufgedeckt	boca arriba
Все пары найдены. Ковчег готов к путешествию!	All pairs found. The ark is ready to sail!	Alle Paare gefunden. Die Arche ist bereit zur Reise!	¡Todas las parejas encontradas! ¡El arca está lista para viajar!
Новый рекорд времени!	New time record!	Neue Bestzeit!	¡Nuevo récord de tiempo!
Новый рекорд по ходам!	New move record!	Neuer Zugrekord!	¡Nuevo récord de movimientos!
Отличное путешествие!	A wonderful journey!	Eine tolle Reise!	¡Un viaje fantástico!
Подсказки	Hints	Tipps	Pistas
Ковчег собран!	The ark is ready!	Die Arche ist bereit!	¡El arca está lista!
Все животные нашли свою пару и благополучно поднялись на борт.	All animals found their partners and boarded safely.	Alle Tiere haben ihren Partner gefunden und sind sicher an Bord.	Todos los animales encontraron su pareja y subieron a bordo a salvo.
Ещё один путь	Another journey	Noch eine Reise	Otro viaje
Другой режим	Another mode	Anderer Modus	Otro modo
уже на борту. Открытая карточка всё ещё ждёт пару.	is aboard. The revealed card still needs a match.	ist an Bord. Die offene Karte wartet noch auf ihr Paar.	ya está a bordo. La carta revelada aún espera su pareja.
найден — сюрприз уже на борту!	found — the surprise is aboard!	gefunden — die Überraschung ist an Bord!	encontrado: ¡la sorpresa está a bordo!
На карточке	On the card	Auf der Karte	En la carta
Найдите такую же.	Find its match.	Finde die passende Karte.	Encuentra otra igual.
Серия из	Streak of	Serie von	Racha de
пар! Так держать.	pairs! Keep it up.	Paaren! Weiter so.	parejas. ¡Sigue así!
Пара	Pair	Paar	Pareja
уже на борту!	already aboard!	bereits an Bord!	¡ya está a bordo!
Пока не пара. Запомните карточки — они скоро закроются.	Not a pair. Remember the cards before they turn over.	Kein Paar. Merke dir die Karten, bevor sie sich wieder umdrehen.	No son pareja. Recuerda las cartas antes de que se den la vuelta.
Попробуйте снова	Try again	Versuche es erneut	Inténtalo de nuevo
Сначала завершите текущий ход	Finish the current turn first	Beende zuerst den aktuellen Zug	Termina primero el turno actual
Все обычные пары уже найдены — осталось открыть сюрприз	All regular pairs found — reveal the surprise	Alle normalen Paare gefunden — decke die Überraschung auf	Ya están todas las parejas: descubre la sorpresa
Подсказка показала пару. К времени добавлено 5 секунд.	The hint revealed a pair. 5 seconds added to your time.	Der Tipp hat ein Paar gezeigt. 5 Sekunden wurden zur Zeit hinzugefügt.	La pista mostró una pareja. Se añadieron 5 segundos a tu tiempo.
Запомните эту пару — карточки скоро закроются.	Remember this pair before the cards turn over.	Merke dir dieses Paar, bevor die Karten sich umdrehen.	Recuerda esta pareja antes de que las cartas se den la vuelta.
Теперь найдите показанную пару	Now find the pair you saw	Finde jetzt das gezeigte Paar	Ahora encuentra la pareja mostrada
ПОНЯТНО	GOT IT	VERSTANDEN	ENTENDIDO
ДАЛЬШЕ	NEXT	WEITER	SIGUIENTE
Новый рекорд! Прошлый лучший результат превзойдён.	New record! You beat your personal best.	Neuer Rekord! Du hast deine Bestleistung übertroffen.	¡Nuevo récord! Has superado tu mejor resultado.
Лучший результат	Best result	Bestleistung	Mejor resultado
Лотосы идут подряд	Lotus streak	Lotusserie	Racha de lotos
Щит выдержал	Shield held	Schild hat gehalten	El escudo resistió
Но он был один	But it was your only one	Aber es war dein einziger	Pero era el único
Путь по Нилу прерван.	Your Nile journey has ended.	Deine Nilreise ist beendet.	Tu viaje por el Nilo ha terminado.
Удар!	Hit!	Treffer!	¡Golpe!
Осталось сердец	Hearts remaining	Verbleibende Herzen	Corazones restantes
Щит веры	Shield of Faith	Schild des Glaubens	Escudo de la fe
Один удар пройдёт мимо	Blocks one hit	Blockiert einen Treffer	Bloquea un golpe
Свет Мириам	Miriam Light	Miriams Licht	Luz de Miriam
Лотосы сами идут в руки	Lotuses come to you	Lotusblüten kommen zu dir	Los lotos vienen hacia ti
Дыхание ветра	Breath of Wind	Windhauch	Aliento del viento
Течение несёт вперёд	The current carries you forward	Die Strömung trägt dich vorwärts	La corriente te lleva hacia delante
Милость	Grace	Gnade	Gracia
Сердце восстановлено	Heart restored	Herz wiederhergestellt	Corazón recuperado
метров	meters	Meter	metros
сбой в кадре	frame error	Bildfehler	error de fotograma
кадр падает подряд, уходим в запасной режим	repeated frame errors; switching to fallback	wiederholte Bildfehler; Wechsel in Ersatzmodus	errores repetidos; cambiando al modo alternativo
Выключить звук	Mute sound	Ton ausschalten	Silenciar
Включить звук	Enable sound	Ton einschalten	Activar sonido
Ещё ни одного заплыва — самое время начать.	No journeys yet — time to start.	Noch keine Fahrt — Zeit zu starten.	Aún no has navegado: es hora de empezar.
Лучший заплыв	Best journey	Beste Fahrt	Mejor viaje
ОТПРАВЛЯЕМСЯ	LET US GO	LOS GEHT’S	VAMOS
сцена не собралась, уходим в запасной режим	scene failed; switching to fallback	Szene fehlgeschlagen; Wechsel in Ersatzmodus	falló la escena; cambiando al modo alternativo
Не удалось загрузить колоду Квартета	Could not load Quartet deck	Quartettstapel konnte nicht geladen werden	No se pudo cargar la baraja de Cuarteto
Колода Квартета повреждена	Quartet deck is damaged	Quartettstapel ist beschädigt	La baraja de Cuarteto está dañada
Онлайн-игра	Online game	Onlinespiel	Juego en línea
Сейчас ход другого игрока	Another player is taking their turn	Ein anderer Spieler ist am Zug	Es el turno de otro jugador
Сначала выбери игрока	Choose a player first	Wähle zuerst einen Spieler	Primero elige un jugador
Теперь выбери недостающую карту	Now choose a missing card	Wähle jetzt eine fehlende Karte	Ahora elige una carta que te falte
Запрос отправлен	Request sent	Anfrage gesendet	Petición enviada
карту	card	Karte	carta
Спрашиваем	Asking	Fragen nach	Pidiendo
Собери больше квартетов	Collect the most quartets	Sammle die meisten Quartette	Reúne más cuartetos
Выбирай соперника, отмечай нужную карту и собирай группы по четыре. Успешный запрос сохраняет ход за тобой.	Choose an opponent, select a card and collect sets of four. A successful request lets you keep your turn.	Wähle einen Mitspieler und eine Karte und sammle Vierergruppen. Nach einer erfolgreichen Anfrage bleibst du am Zug.	Elige un rival y una carta y reúne grupos de cuatro. Si aciertas, conservas el turno.
выбери соперника	choose an opponent	wähle einen Mitspieler	elige un rival
отметь недостающую	select the missing card	markiere die fehlende Karte	elige la que te falta
Запрос	Request	Anfrage	Petición
подтверди действие	confirm action	bestätige die Aktion	confirma la acción
Имя игрока	Player name	Spielername	Nombre del jugador
не настроен	not configured	nicht eingerichtet	sin configurar
не подключён	not connected	nicht verbunden	sin conectar
должен быть указан	must be specified	muss angegeben werden	debe indicarse
Ошибка	Error	Fehler	Error
Квартет не запустился	Quartet could not start	Quartett konnte nicht starten	Cuarteto no pudo iniciarse
Создаём…	Creating…	Wird erstellt…	Creando…
Открываем лобби…	Opening lobby…	Lobby wird geöffnet…	Abriendo sala…
Входим…	Joining…	Beitritt…	Entrando…
Подключаемся к комнате…	Connecting to room…	Verbindung zum Raum…	Conectando con la sala…
Переподключение	Reconnecting	Neu verbinden	Reconectando
Ошибка сервера	Server error	Serverfehler	Error del servidor
Связь потеряна	Connection lost	Verbindung verloren	Conexión perdida
Связь потеряна. Переподключаемся…	Connection lost. Reconnecting…	Verbindung verloren. Neu verbinden…	Conexión perdida. Reconectando…
Ошибка связи	Connection error	Verbindungsfehler	Error de conexión
Переподключаемся…	Reconnecting…	Neu verbinden…	Reconectando…
Ждём ещё игрока	Waiting for another player	Warten auf einen weiteren Spieler	Esperando a otro jugador
Ведущий начнёт игру, когда все будут готовы.	The host will start when everyone is ready.	Der Gastgeber startet, wenn alle bereit sind.	El anfitrión empezará cuando todos estén listos.
ты	you	du	tú
Последние действия	Recent actions	Letzte Aktionen	Acciones recientes
партия в реальном времени	real-time game	Spiel in Echtzeit	partida en tiempo real
Вся история	Full history	Gesamter Verlauf	Todo el historial
Выйти из партии	Leave game	Partie verlassen	Salir de la partida
ВАШ ХОД	YOUR TURN	DU BIST DRAN	TU TURNO
ОЖИДАНИЕ	WAITING	WARTEN	ESPERANDO
Ваш ход начался	Your turn has started	Dein Zug hat begonnen	Ha empezado tu turno
Ход игрока	Player turn	Spieler am Zug	Turno del jugador
Выберите соперника и карту. После выбора подтвердите запрос.	Choose an opponent and a card, then confirm your request.	Wähle einen Mitspieler und eine Karte und bestätige dann die Anfrage.	Elige un rival y una carta y confirma la petición.
Ваши игровые действия временно заблокированы. Следите за партией — очередь переключится автоматически.	Your actions are temporarily disabled. Watch the game; turns change automatically.	Deine Aktionen sind vorübergehend gesperrt. Verfolge die Partie; die Züge wechseln automatisch.	Tus acciones están desactivadas temporalmente. Sigue la partida; los turnos cambian solos.
Осталось	Remaining	Übrig	Restantes
Не в сети	Offline	Offline	Sin conexión
Сейчас ходит	Now playing	Jetzt am Zug	Juega ahora
В руке больше нет карт.	No cards left in your hand.	Keine Karten mehr auf der Hand.	No quedan cartas en tu mano.
Квартеты в руке	Quartets in hand	Quartette auf der Hand	Cuartetos en tu mano
Листайте квартеты	Browse quartets	Quartette durchblättern	Explora los cuartetos
Осталась 1 карта	1 card left	Noch 1 Karte	Falta 1 carta
Половина собрана	Half collected	Zur Hälfte gesammelt	Mitad reunida
Квартет открыт	Quartet started	Quartett begonnen	Cuarteto iniciado
Собрано	Collected	Gesammelt	Reunidas
из 4	of 4	von 4	de 4
карта у вас	you have this card	du hast diese Karte	tienes esta carta
В руке	In hand	Auf der Hand	En la mano
выбрана	selected	ausgewählt	seleccionada
Нужно собрать	Collect these	Noch sammeln	Falta reunir
недостающая карта	missing card	fehlende Karte	carta que falta
Недоступно	Unavailable	Nicht verfügbar	No disponible
Ждите хода	Wait for your turn	Warte auf deinen Zug	Espera tu turno
Ходит	Playing	Am Zug	Juega
Действий пока нет.	No actions yet.	Noch keine Aktionen.	Aún no hay acciones.
Партия завершена	Game over	Partie beendet	Partida terminada
Победа!	Victory!	Sieg!	¡Victoria!
Игра завершена	Game finished	Spiel beendet	Juego terminado
Новая партия	New game	Neue Partie	Nueva partida
Ведущий может запустить новую партию в этой же комнате.	The host can start a new game in this room.	Der Gastgeber kann in diesem Raum eine neue Partie starten.	El anfitrión puede iniciar otra partida en esta sala.
у вас	you have	bei dir	en tu mano
игрока	player	Spieler	jugador
Собран квартет	Quartet completed	Quartett vollständig	Cuarteto completado
получили	received	erhalten	recibiste
получил	received	erhielt	recibió
Ваш запрос	Your request	Deine Anfrage	Tu petición
Запрос игрока	Player request	Spieleranfrage	Petición del jugador
Партия продолжается	Game continues	Partie geht weiter	La partida continúa
Партия началась	Game started	Partie gestartet	Partida iniciada
Считаем итоговые квартеты	Counting final quartets	Abschließende Quartette werden gezählt	Contando los cuartetos finales
Предыдущий ход завершён	Previous turn ended	Vorheriger Zug beendet	Turno anterior terminado
закончил ход	ended their turn	hat den Zug beendet	terminó su turno
теперь ходите вы	it is your turn now	jetzt bist du dran	ahora es tu turno
Ход завершён	Turn ended	Zug beendet	Turno terminado
следующий игрок	next player	nächster Spieler	siguiente jugador
теперь	now	jetzt	ahora
Успешный запрос	Successful request	Erfolgreiche Anfrage	Petición acertada
Карта получена	Card received	Karte erhalten	Carta recibida
ваш ход продолжается	your turn continues	du bleibst am Zug	tu turno continúa
Ход продолжается	Turn continues	Zug geht weiter	El turno continúa
получил карту и ходит ещё раз	received a card and plays again	hat eine Karte erhalten und spielt erneut	recibió una carta y juega otra vez
получена	received	erhalten	recibida
получил у вас	received from you	von dir erhalten	recibió de ti
Карты нет — ваш ход завершён	No card — your turn is over	Keine Karte — dein Zug endet	No tiene la carta: termina tu turno
вошёл в комнату	joined the room	ist dem Raum beigetreten	entró en la sala
вышел из комнаты	left the room	hat den Raum verlassen	salió de la sala
выберите соперника и карту	choose an opponent and a card	wähle einen Mitspieler und eine Karte	elige un rival y una carta
Первым ходит	First turn	Erster Zug	Primer turno
Нет соединения с комнатой	No connection to room	Keine Verbindung zum Raum	Sin conexión a la sala
Выйти из партии? Твои оставшиеся карты будут перераспределены между игроками.	Leave the game? Your remaining cards will be redistributed among players.	Partie verlassen? Deine übrigen Karten werden an die anderen Spieler verteilt.	¿Salir de la partida? Tus cartas restantes se repartirán entre los demás.
Выйти из комнаты?	Leave room?	Raum verlassen?	¿Salir de la sala?
Код скопирован	Code copied	Code kopiert	Código copiado
Присоединяйся к игре «Квартет». Код комнаты	Join Quartet. Room code	Tritt Quartett bei. Raumcode	Únete a Cuarteto. Código de sala
Как играть в Квартет	How to play Quartet	So spielst du Quartett	Cómo jugar a Cuarteto
В каждой группе четыре карты. Цель — собрать больше полных квартетов.	Each group has four cards. Collect the most complete quartets.	Jede Gruppe hat vier Karten. Sammle die meisten vollständigen Quartette.	Cada grupo tiene cuatro cartas. Reúne más cuartetos completos.
Когда сверху появляется	When the top shows	Wenn oben erscheint	Cuando arriba aparezca
Ваш ход»	Your turn”	Du bist dran“	Tu turno»
сначала выберите соперника.	choose an opponent first.	wähle zuerst einen Mitspieler.	primero elige un rival.
Затем листайте квартеты в своей руке и выберите одну недостающую карту.	Then browse your quartets and choose a missing card.	Blättere dann durch deine Quartette und wähle eine fehlende Karte.	Después explora tus cuartetos y elige una carta que te falte.
Проверьте выбор в нижней панели и нажмите	Check your selection below and tap	Prüfe deine Auswahl unten und tippe auf	Revisa tu selección abajo y pulsa
Спросить карту»	Ask for card”	Nach Karte fragen“	Pedir carta»
Если карта есть у соперника, она сразу переходит к вам и ваш ход продолжается.	If the opponent has the card, you receive it and keep your turn.	Hat der Mitspieler die Karte, bekommst du sie und bleibst am Zug.	Si el rival tiene la carta, la recibes y sigues jugando.
Если карты нет или вышел таймер, ход завершается и автоматически переходит следующему игроку.	If they do not have it or time runs out, the turn passes to the next player.	Fehlt die Karte oder läuft die Zeit ab, ist automatisch der nächste Spieler dran.	Si no la tiene o se acaba el tiempo, el turno pasa al siguiente jugador.
Когда все четыре карты группы собраны, квартет засчитывается автоматически.	Collect all four cards and the quartet is counted automatically.	Sind alle vier Karten gesammelt, zählt das Quartett automatisch.	Al reunir las cuatro cartas, el cuarteto se cuenta automáticamente.
Ошибка: Библиотека	Error: library	Fehler: Bibliothek	Error: biblioteca
не подключена!	is not loaded!	ist nicht geladen!	no está cargada!
Открывай буквы и береги пламя меноры.	Reveal letters and protect the menorah flame.	Decke Buchstaben auf und bewahre die Menoraflamme.	Revela letras y protege la llama de la menorá.
Победа! Свет сохранён.	Victory! The light is safe.	Sieg! Das Licht bleibt erhalten.	¡Victoria! La luz está a salvo.
Светильник угас. Загаданное слово	The lamp went out. The word was	Die Lampe ist erloschen. Das Wort war	La lámpara se apagó. La palabra era
Сбросить уровень	Reset level	Level zurücksetzen	Reiniciar nivel
Угасание	Flames lost	Erloschene Flammen	Llamas apagadas
Снизу скрытое слово, сверху связанные подсказки	Hidden word below, related hints above	Unten das versteckte Wort, oben passende Hinweise	Palabra oculta abajo, pistas relacionadas arriba
не удалось запустить 3	could not start 3	konnte 3 nicht starten	no se pudo iniciar 3
сцену, играем без неё	scene; playing without it	Szene; Spiel läuft ohne sie	escena; se juega sin ella
Не удалось загрузить слова.	Could not load words.	Wörter konnten nicht geladen werden.	No se pudieron cargar las palabras.
Не удалось загрузить игру «Священное слово».	Could not load Sacred Word.	Heiliges Wort konnte nicht geladen werden.	No se pudo cargar Palabra sagrada.
Сервер ответил	Server replied	Server antwortete	El servidor respondió
Код комнаты — от четырёх символов	Room code must have at least four characters	Raumcode muss mindestens vier Zeichen haben	El código de sala debe tener al menos cuatro caracteres
Комната закрыта	Room closed	Raum geschlossen	Sala cerrada
Действие не прошло	Action failed	Aktion fehlgeschlagen	La acción falló
Онлайн пока не настроен	Online mode is not configured	Onlinemodus noch nicht eingerichtet	Modo en línea sin configurar
нужен адрес воркера в	worker address required in	Worker-Adresse erforderlich in	se necesita la dirección del worker en
Играть на одном телефоне	Play on one phone	Auf einem Handy spielen	Jugar en un teléfono
Соглядатай по сети	Spy online	Spion online	Espía en línea
Каждый играет со своего телефона. Роль видит только её хозяин, а обсуждать можно прямо в игре — чат встроен.	Everyone plays on their own phone. Only you see your role; discuss in the built-in chat.	Jeder spielt auf dem eigenen Handy. Nur du siehst deine Rolle; diskutiert im integrierten Chat.	Cada uno juega en su teléfono. Solo tú ves tu rol; debatid en el chat integrado.
Как вас звать	Your name	Dein Name	Tu nombre
или войти по коду	or join with a code	oder mit Code beitreten	o entrar con código
Ждём комнату…	Waiting for room…	Warten auf Raum…	Esperando sala…
Скопировать код	Copy code	Code kopieren	Copiar código
на связи	connected	verbunden	conectados
Соглядатаев	Spies	Spione	Espías
Обсуждение, мин	Discussion, min	Diskussion, Min.	Debate, min
Настройки ведущего	Host settings	Gastgebereinstellungen	Ajustes del anfitrión
обсуждение	discussion	Diskussion	debate
мин	min	Min.	min
Нужно минимум	Minimum required	Mindestens benötigt	Se necesitan al menos
Раздать роли	Deal roles	Rollen verteilen	Repartir roles
Ждём ведущего	Waiting for host	Warten auf Gastgeber	Esperando al anfitrión
Он раздаст роли, когда все соберутся.	The host will deal roles when everyone is here.	Der Gastgeber verteilt die Rollen, wenn alle da sind.	Repartirá los roles cuando estéis todos.
Комната собирается	Players are gathering	Spieler sammeln sich	Los jugadores se reúnen
Передайте код друзьям. Партия начнётся, когда ведущий нажмёт «Раздать роли».	Share the code with friends. The game starts when the host taps Deal roles.	Teile den Code mit Freunden. Das Spiel beginnt, wenn der Gastgeber Rollen verteilen antippt.	Comparte el código con amigos. La partida empieza cuando el anfitrión pulsa Repartir roles.
Вы соглядатай	You are a spy	Du bist ein Spion	Eres un espía
Локация неизвестна	Location unknown	Ort unbekannt	Lugar desconocido
Слушайте и не выдайте себя	Listen and keep your identity secret	Höre zu und verrate dich nicht	Escucha y no te delates
Локация	Location	Ort	Lugar
Найдите того, кто её не знает	Find who does not know it	Finde die Person, die ihn nicht kennt	Encuentra a quien no lo conoce
Запомнил	Got it	Gemerkt	Lo recuerdo
Ещё не готовы	Not ready yet	Noch nicht bereit	Aún no están listos
Все готовы	Everyone is ready	Alle bereit	Todos listos
Начать обсуждение	Start discussion	Diskussion starten	Empezar debate
Ваша роль	Your role	Deine Rolle	Tu rol
Смотрите только свой экран. Никто другой вашу роль не увидит.	Look only at your screen. No one else can see your role.	Sieh nur auf deinen Bildschirm. Niemand sonst sieht deine Rolle.	Mira solo tu pantalla. Nadie más verá tu rol.
Нажмите, чтобы посмотреть	Tap to view	Zum Ansehen tippen	Pulsa para ver
круг	round	Runde	ronda
Кого-то уже выгнали, но роли откроются только в конце. Смотрите, кто остался.	Someone has been eliminated, but roles stay hidden until the end. Watch who remains.	Jemand wurde ausgeschlossen, aber die Rollen bleiben bis zum Ende geheim. Achte auf die übrigen Spieler.	Ya han expulsado a alguien, pero los roles se revelan al final. Observa quién queda.
Задавайте вопросы по очереди. Соглядатай не знает локацию, но пытается её вычислить.	Take turns asking questions. The spy does not know the location and tries to work it out.	Stellt abwechselnd Fragen. Der Spion kennt den Ort nicht und versucht ihn herauszufinden.	Haced preguntas por turnos. El espía no conoce el lugar e intenta descubrirlo.
Перейти к голосованию	Go to voting	Zur Abstimmung	Ir a la votación
Обсуждение	Discussion	Diskussion	Debate
Вы выбыли: голосовать и писать больше нельзя, но партию досмотрите.	You are out: you can no longer vote or chat, but you can watch.	Du bist ausgeschieden: Du kannst nicht mehr abstimmen oder schreiben, aber zuschauen.	Has sido eliminado: no puedes votar ni escribir, pero puedes mirar.
Кем они были — станет известно в конце. За столом осталось	Their roles will be revealed at the end. Players remaining:	Ihre Rollen werden am Ende aufgedeckt. Verbleibende Spieler:	Sus roles se revelarán al final. Quedan en la mesa
человек.	people.	Personen.	personas.
Выгнаны	Eliminated	Ausgeschieden	Expulsados
Назвать локацию	Name the location	Ort nennen	Decir el lugar
Угадаете — победа ваша сразу. Ошибётесь — из-за стола уйдёте вы, а напарник доиграет.	Guess correctly to win at once. A wrong guess eliminates you; your partner plays on.	Rate richtig und gewinne sofort. Bei einer falschen Antwort scheidest du aus; dein Partner spielt weiter.	Si aciertas, ganas al instante. Si fallas, quedas eliminado y tu compañero sigue.
Например: Иерусалим	For example: Jerusalem	Zum Beispiel: Jerusalem	Por ejemplo: Jerusalén
Назвать	Submit guess	Antwort nennen	Responder
Ждём ещё	Still waiting for	Warten noch auf	Faltan
Все проголосовали	Everyone has voted	Alle haben abgestimmt	Todos han votado
Голосование	Voting	Abstimmung	Votación
Кто, по-вашему, соглядатай? Набравший больше всех голосов уходит из-за стола	Who do you think is a spy? The player with the most votes is eliminated	Wer ist deiner Meinung nach ein Spion? Wer die meisten Stimmen erhält, scheidet aus	¿Quién crees que es el espía? Quien reciba más votos queda eliminado
но его роль откроется только тогда, когда партия закончится.	but their role is only revealed when the game ends.	aber seine Rolle wird erst am Spielende aufgedeckt.	pero su rol solo se revela al terminar la partida.
Победа соглядата	Spy victory	Sieg der Spione	Victoria de los espías
Соглядатай назвал	The spy named	Der Spion nannte	El espía dijo
Соглядатаев стало не меньше, чем горожан: голосованием их уже не пересилить.	Spies now equal or outnumber citizens, so they cannot be outvoted.	Es gibt mindestens so viele Spione wie Bürger. Sie können nicht mehr überstimmt werden.	Hay tantos espías como ciudadanos o más: ya no se les puede ganar votando.
Стол выгнал последнего соглядатая.	The last spy was eliminated.	Der letzte Spion wurde ausgeschlossen.	Se expulsó al último espía.
соглядатай	spy	Spion	espía
горожанин	citizen	Bürger	ciudadano
Кого выгнали	Who was eliminated	Wer ausgeschieden ist	A quién expulsaron
Ещё партию	Play another game	Noch eine Partie	Otra partida
В лобби	To lobby	Zur Lobby	A la sala de espera
Он начнёт следующую партию.	The host will start the next game.	Der Gastgeber startet die nächste Partie.	El anfitrión iniciará la siguiente partida.
ведущий	host	Gastgeber	anfitrión
выгнан	eliminated	ausgeschieden	expulsado
готов	ready	bereit	listo
голос	vote	Stimme	voto
Чат соглядатаев	Spy chat	Spionchat	Chat de espías
Свернуть	Collapse	Einklappen	Contraer
Открыть	Open	Öffnen	Abrir
Свои	Spies	Spione	Espías
Общий	Everyone	Alle	General
Эту переписку видят только соглядатаи. Стол её не получает.	Only spies can see this chat. Other players cannot read it.	Nur Spione sehen diesen Chat. Andere Spieler können ihn nicht lesen.	Solo los espías ven este chat. Los demás no pueden leerlo.
Здесь пока пусто. Договоритесь с напарником.	Nothing here yet. Plan with your partner.	Noch leer. Sprich dich mit deinem Partner ab.	Aún está vacío. Coordínate con tu compañero.
Пока тихо. Задайте первый вопрос.	Quiet so far. Ask the first question.	Noch ruhig. Stelle die erste Frage.	Todo tranquilo. Haz la primera pregunta.
Написать своим…	Message spies…	An Spione schreiben…	Escribir a los espías…
Спросить у стола…	Ask the group…	Die Runde fragen…	Preguntar al grupo…
Вас выгнали — дальше только смотрите.	You are eliminated — watch the rest of the game.	Du bist ausgeschieden — schaue weiter zu.	Te han expulsado: sigue como espectador.
Сейчас писать сюда нельзя.	You cannot write here right now.	Du kannst hier gerade nicht schreiben.	Ahora no puedes escribir aquí.
Впишите локацию	Enter a location	Ort eingeben	Escribe un lugar
выбор режима	choose mode	Modusauswahl	elegir modo
Один или несколько игроков — соглядатаи. Остальные знают локацию. Задача горожан — вычислить соглядатая, задача соглядатая — не выдать себя и угадать место.	One or more players are spies. Everyone else knows the location. Citizens find the spies; spies stay hidden and guess the place.	Ein oder mehrere Spieler sind Spione. Die anderen kennen den Ort. Bürger finden die Spione; Spione bleiben unerkannt und erraten den Ort.	Uno o varios jugadores son espías. Los demás conocen el lugar. Los ciudadanos buscan a los espías; estos deben ocultarse y adivinar el lugar.
На одном телефоне	On one phone	Auf einem Handy	En un teléfono
Передавайте устройство по кругу. Ничего настраивать не нужно.	Pass the phone around. No setup needed.	Gebt das Handy im Kreis weiter. Keine Einrichtung nötig.	Pasad el teléfono por turnos. No hace falta configurar nada.
Онлайн, у каждого свой телефон	Online, each with a phone	Online, jeder mit eigenem Handy	En línea, cada uno en su teléfono
Комната по коду, роль видит только её хозяин, встроенный чат.	Join by code, private roles and built-in chat.	Raum per Code, geheime Rollen und integrierter Chat.	Sala con código, roles privados y chat integrado.
Загружаем онлайн-режим…	Loading online mode…	Onlinemodus wird geladen…	Cargando modo en línea…
Онлайн-режим не загрузился	Online mode could not load	Onlinemodus konnte nicht geladen werden	No se pudo cargar el modo en línea
Один или несколько игроков — соглядатаи. Остальные знают локацию. После раздачи ролей обсуждайте и голосуйте.	One or more players are spies. Others know the location. After dealing roles, discuss and vote.	Ein oder mehrere Spieler sind Spione. Die anderen kennen den Ort. Nach der Rollenverteilung diskutiert ihr und stimmt ab.	Uno o varios jugadores son espías. Los demás conocen el lugar. Tras repartir roles, debatid y votad.
От 3 до 20	From 3 to 20	Von 3 bis 20	De 3 a 20
Количество соглядатаев	Number of spies	Anzahl der Spione	Número de espías
Должно быть меньше игроков	Must be fewer than the player count	Muss kleiner als die Spielerzahl sein	Debe ser menor que el número de jugadores
Не удалось загрузить локации	Could not load locations	Orte konnten nicht geladen werden	No se pudieron cargar los lugares
Проверьте файл	Check the file	Prüfe die Datei	Revisa el archivo
и попробуйте снова.	and try again.	und versuche es erneut.	e inténtalo de nuevo.
Введите все значения	Enter all values	Gib alle Werte ein	Introduce todos los valores
Все значения должны быть числами	All values must be numbers	Alle Werte müssen Zahlen sein	Todos los valores deben ser números
Количество игроков должно быть от 3 до 20	There must be 3 to 20 players	Es müssen 3 bis 20 Spieler sein	Debe haber de 3 a 20 jugadores
Соглядатаев должно быть минимум 1 и меньше, чем игроков	At least 1 spy, fewer than the number of players	Mindestens 1 Spion, weniger als die Spielerzahl	Al menos 1 espía y menos que el número de jugadores
Список локаций пуст.	Location list is empty.	Ortsliste ist leer.	La lista de lugares está vacía.
Секретная карточка	Secret card	Geheime Karte	Carta secreta
Передайте телефон игроку	Pass the phone to player	Gib das Handy an Spieler	Pasa el teléfono al jugador
Нажмите на карточку так, чтобы роль не увидели другие.	Tap the card without showing your role to others.	Tippe auf die Karte, ohne anderen deine Rolle zu zeigen.	Pulsa la carta sin que los demás vean tu rol.
Карточка перевернётся с анимацией. После просмотра нажмите «Передать следующему».	The card will flip. After viewing it, tap Pass to next player.	Die Karte dreht sich um. Tippe danach auf Weitergeben.	La carta se girará. Después de verla, pulsa Pasar al siguiente.
Показать роль игрока	Show player role	Spielerrolle zeigen	Mostrar rol del jugador
Перевернуть карточку	Flip card	Karte umdrehen	Voltear carta
Передать следующему	Pass to next player	Weitergeben	Pasar al siguiente
Вы — соглядатай	You are a spy	Du bist ein Spion	Eres un espía
Узнайте локацию по ответам игроков	Work out the location from the answers	Ermittle den Ort aus den Antworten	Descubre el lugar por las respuestas
Запомните место и не показывайте экран	Remember the place and keep your screen private	Merke dir den Ort und zeige deinen Bildschirm nicht	Recuerda el lugar y no muestres la pantalla
Роль игрока	Player role	Spielerrolle	Rol del jugador
Раунд общения	Discussion round	Gesprächsrunde	Ronda de debate
Обсуждение началось	Discussion started	Diskussion gestartet	Debate iniciado
Задавайте вопросы и ищите игроков, которые не знают локацию.	Ask questions and find players who do not know the location.	Stelle Fragen und finde Spieler, die den Ort nicht kennen.	Haz preguntas y busca a quienes no conocen el lugar.
Сменить режим	Change mode	Modus wechseln	Cambiar modo
Кто соглядатай?	Who is a spy?	Wer ist ein Spion?	¿Quién es espía?
Проголосовать	Vote	Abstimmen	Votar
Соглядатай угадывает локацию	Spy guesses the location	Spion errät den Ort	El espía adivina el lugar
Угадай локацию	Guess the location	Errate den Ort	Adivina el lugar
Вариант соглядатая	Spy guess	Antwort des Spions	Respuesta del espía
Введите локацию	Enter location	Ort eingeben	Introduce el lugar
Проверить	Check	Prüfen	Comprobar
Соглядатай угадал!	The spy guessed correctly!	Der Spion hat richtig geraten!	¡El espía ha acertado!
Соглядатай не угадал.	The spy guessed incorrectly.	Der Spion hat falsch geraten.	El espía no ha acertado.
Соглядатаи найдены	Spies found	Spione gefunden	Espías descubiertos
Соглядатаи скрылись	Spies escaped	Spione entkommen	Los espías escaparon
Конец игры	Game over	Spielende	Fin del juego
Соглядатаи	Spies	Spione	Espías
должен быть положительным целым числом	must be a positive integer	muss eine positive ganze Zahl sein	debe ser un entero positivo
аноним	anonymous	anonym	anónimo
Слова	Words	Wörter	Palabras
Свящ.	Sacred	Heilig	Sagrada
Лобби	Lobby	Lobby	Sala de espera
Игра	Game	Spiel	Juego
Рисование	Drawing	Zeichnen	Dibujo
Проверка ответа	Answer review	Antwortprüfung	Revisión de respuesta
Финальный ответ	Final answer	Letzte Antwort	Respuesta final
Завершено	Completed	Abgeschlossen	Completado
Объясняй слова на скорость	Explain words against the clock	Erkläre Wörter auf Zeit	Explica palabras contrarreloj
Ассоциации и быстрые идеи	Associations and quick ideas	Assoziationen und schnelle Ideen	Asociaciones e ideas rápidas
Вопросы, версии, логика	Questions, guesses and logic	Fragen, Vermutungen und Logik	Preguntas, hipótesis y lógica
Подсказки без прямого ответа	Clues without giving the answer	Hinweise ohne direkte Antwort	Pistas sin dar la respuesta
Секретная роль и локация	Secret role and location	Geheime Rolle und Ort	Rol y lugar secretos
Собери четыре карты	Collect four cards	Sammle vier Karten	Reúne cuatro cartas
Собери слова из букв	Make words from letters	Bilde Wörter aus Buchstaben	Forma palabras con letras
Найди скрытые слова	Find hidden words	Finde versteckte Wörter	Encuentra palabras ocultas
Открой слово по подсказкам	Reveal the word using hints	Entdecke das Wort mit Hinweisen	Descubre la palabra con pistas
Соберите животных попарно	Match the animals in pairs	Finde die Tierpaare	Empareja los animales
Ведите корзинку по течению	Guide the basket downriver	Lenke das Körbchen flussabwärts	Guía la cesta río abajo
В очереди	Queued	In Warteschlange	En cola
Отправляется	Sending	Wird gesendet	Enviando
Завершена	Completed	Abgeschlossen	Completada
Отменена	Cancelled	Abgebrochen	Cancelada
Текст	Text	Text	Texto
От 2 игроков	2+ players	Ab 2 Spielern	Desde 2 jugadores
мин / раунд	min / round	Min. / Runde	min / ronda
Без сети	Offline	Offline	Sin conexión
Вместе / онлайн	Together / online	Zusammen / online	Juntos / en línea
Нужен интернет	Internet required	Internet erforderlich	Requiere internet
От 3 игроков	3+ players	Ab 3 Spielern	Desde 3 jugadores
мин / уровень	min / level	Min. / Level	min / nivel
мин / забег	min / run	Min. / Lauf	min / recorrido
Игра на скорость	Speed game	Tempospiel	Juego de velocidad
Перемешиваем слова…	Shuffling words…	Wörter werden gemischt…	Mezclando palabras…
Запускаем таймер…	Starting timer…	Timer wird gestartet…	Iniciando temporizador…
Игра идей	Game of ideas	Ideenspiel	Juego de ideas
Зажигаем идеи…	Sparking ideas…	Ideen entstehen…	Encendiendo ideas…
Готовим ассоциации…	Preparing associations…	Assoziationen werden vorbereitet…	Preparando asociaciones…
Игра вопросов	Question game	Fragespiel	Juego de preguntas
Выбираем персонажа…	Choosing a character…	Person wird ausgewählt…	Eligiendo personaje…
Готовим подсказки…	Preparing hints…	Hinweise werden vorbereitet…	Preparando pistas…
Игра подсказок	Clue game	Hinweisspiel	Juego de pistas
Готовим слова…	Preparing words…	Wörter werden vorbereitet…	Preparando palabras…
Настраиваем подсказки…	Setting up hints…	Hinweise werden eingerichtet…	Ajustando pistas…
Секретная игра	Secret game	Geheimspiel	Juego secreto
Шифруем роли…	Hiding roles…	Rollen werden verschlüsselt…	Ocultando roles…
Выбираем тайную локацию…	Choosing a secret location…	Geheimer Ort wird gewählt…	Eligiendo lugar secreto…
Карточная игра	Card game	Kartenspiel	Juego de cartas
Тасуем колоду…	Shuffling deck…	Karten werden gemischt…	Barajando cartas…
Раздаём карты…	Dealing cards…	Karten werden verteilt…	Repartiendo cartas…
Рисуй и угадывай	Draw and guess	Zeichne und rate	Dibuja y adivina
Готовим холст…	Preparing canvas…	Leinwand wird vorbereitet…	Preparando lienzo…
Затачиваем карандаши…	Sharpening pencils…	Stifte werden gespitzt…	Afilando lápices…
Игра со словами	Word game	Wortspiel	Juego de palabras
Собираем буквы…	Gathering letters…	Buchstaben werden gesammelt…	Reuniendo letras…
Готовим уровень…	Preparing level…	Level wird vorbereitet…	Preparando nivel…
Найди скрытое	Find what is hidden	Finde das Versteckte	Encuentra lo oculto
Строим сетку…	Building grid…	Gitter wird erstellt…	Construyendo cuadrícula…
Прячем слова…	Hiding words…	Wörter werden versteckt…	Escondiendo palabras…
Открой слово	Reveal the word	Entdecke das Wort	Descubre la palabra
Зажигаем свет подсказок…	Lighting up the hints…	Hinweise leuchten auf…	Iluminando las pistas…
Готовим загадку…	Preparing puzzle…	Rätsel wird vorbereitet…	Preparando acertijo…
Игра на память	Memory game	Gedächtnisspiel	Juego de memoria
Перемешиваем пары…	Shuffling pairs…	Paare werden gemischt…	Mezclando parejas…
Прячем карточки…	Hiding cards…	Karten werden verdeckt…	Ocultando cartas…
Собирай сокровища	Collect treasures	Sammle Schätze	Reúne tesoros
Открываем сокровищницу…	Opening the treasury…	Schatzkammer wird geöffnet…	Abriendo el tesoro…
Расставляем драгоценности…	Arranging treasures…	Schätze werden verteilt…	Colocando tesoros…
Бегущая по реке	Down the river	Den Fluss hinab	Río abajo
Наполняем русло…	Filling the river…	Flussbett wird gefüllt…	Llenando el río…
Расставляем заросли…	Planting river reeds…	Uferpflanzen werden verteilt…	Colocando juncos…
СЛОВО	WORD	WORT	PALABRA
ВРЕМЯ	TIME	ZEIT	TIEMPO
Меняем местами две соседние фишки	Swap two adjacent pieces	Tausche zwei benachbarte Steine	Intercambia dos fichas adyacentes
Три одинаковых в ряд	Three matching pieces in a row	Drei gleiche Steine in einer Reihe	Tres iguales en una fila
Три одинаковых исчезают	Three matching pieces disappear	Drei gleiche Steine verschwinden	Tres fichas iguales desaparecen
Верхние фишки падают вниз	Pieces above fall down	Obere Steine fallen herunter	Las fichas superiores caen
КАСКАД ×2 — сложилось само при падении	CASCADE ×2 — a match formed while falling	KASKADE ×2 — Treffer beim Fallen entstanden	CASCADA ×2: combinación formada al caer
Каждая ступень каскада умножает очки	Each cascade step multiplies points	Jede Kaskadenstufe vervielfacht Punkte	Cada paso de cascada multiplica los puntos
Четыре в ряд оставляют Трубу	Four in a row create a Trumpet	Vier in einer Reihe erzeugen eine Posaune	Cuatro en fila crean una Trompeta
Четыре одинаковых в ряд	Four matching pieces in a row	Vier gleiche Steine in einer Reihe	Cuatro iguales en una fila
На месте совпадения осталась Труба	A Trumpet remains at the match	Eine Posaune bleibt am Trefferort	Queda una Trompeta en la combinación
Труба убирает весь ряд целиком	The Trumpet clears the entire row	Die Posaune entfernt die ganze Reihe	La Trompeta elimina toda la fila
Угол или крест дают Свет — взрыв 3×3	A corner or cross creates Light: a 3×3 blast	Ecke oder Kreuz erzeugen Licht: eine 3×3-Explosion	Una esquina o cruz crea Luz: explosión de 3×3
Радуга Завета ждёт, к какому виду её подведут	The Covenant Rainbow awaits a matching symbol	Der Regenbogen des Bundes wartet auf ein Symbol	El Arcoíris del pacto espera un símbolo
Меняем её на голубя	Swap it with a dove	Tausche ihn mit einer Taube	Intercámbialo con una paloma
С поля уходят все голуби разом	All doves disappear at once	Alle Tauben verschwinden zugleich	Todas las palomas desaparecen a la vez
Чем больше этого вида на поле, тем сильнее удар	More of that symbol means a stronger effect	Je mehr Symbole dieser Art, desto stärker der Effekt	Cuantos más símbolos de ese tipo, mayor efecto
Цепь, скрижаль, светильник и тернии	Chain, tablet, lamp and thorns	Kette, Tafel, Lampe und Dornen	Cadena, tabla, lámpara y espinas
Собираем три рядом с ними	Match three beside them	Kombiniere drei daneben	Combina tres junto a ellos
Совпадение рядом с цепью	A match beside the chain	Ein Treffer neben der Kette	Una combinación junto a la cadena
Цепь сломана, светильник рядом загорелся	Chain broken, nearby lamp lit	Kette gebrochen, Lampe daneben entzündet	Cadena rota, lámpara cercana encendida
Скрижаль и тернии соседним совпадением не берутся	Tablets and thorns need a direct match	Tafeln und Dornen brauchen einen direkten Treffer	Las tablas y espinas necesitan una combinación directa
По ним нужно попасть совпадением прямо, иначе тернии разрастутся	Hit them directly with a match or the thorns will spread	Triff sie direkt, sonst breiten sich die Dornen aus	Combina directamente sobre ellas o las espinas crecerán
Ковчег не двигается — его нельзя менять местами	The ark cannot be swapped	Die Bundeslade kann nicht getauscht werden	El arca no se puede intercambiar
Убираем фишки под ковчегом	Clear pieces beneath the ark	Entferne Steine unter der Bundeslade	Elimina fichas bajo el arca
Ковчег опускается на освободившееся место	The ark drops into the empty space	Die Bundeslade sinkt in den freien Platz	El arca baja al espacio libre
Цель выполнена, когда ковчег дойдёт до нижнего ряда	The goal is met when the ark reaches the bottom row	Das Ziel ist erfüllt, wenn die Bundeslade die unterste Reihe erreicht	El objetivo se cumple al llegar el arca a la última fila
ДРАНИО	JORDAN	JORDAN	JORDAN
Ведите пальцем по буквам	Drag your finger across letters	Fahre mit dem Finger über die Buchstaben	Desliza el dedo por las letras
Слово складывается на ходу	The word forms as you swipe	Das Wort entsteht beim Wischen	La palabra se forma al deslizar
ДР	JO	JO	JO
ДРА	JOR	JOR	JOR
Одно слово всегда использует все буквы	One word always uses all letters	Ein Wort nutzt immer alle Buchstaben	Una palabra siempre usa todas las letras
ИОРДАН	JORDAN	JORDAN	JORDAN
Основные слова открываются сверху, бонусные дают +2	Main words appear above; bonus words give +2	Hauptwörter erscheinen oben; Bonuswörter geben +2	Las palabras principales aparecen arriba; las extra dan +2
СЛОВОЖАВРААМИДТПШЦМОИСЕЙГРВХЭБ	WORDXABRAHAMYTXZMOSESQWERTYUI	WORTXABRAHAMYTXZMOSEQWERTYUIO	PALABRAABRAHAMXTMOISESYQWERTY
Слова спрятаны по прямой в любую сторону	Words run in straight lines in any direction	Wörter verlaufen gerade in jede Richtung	Las palabras van en línea recta en cualquier dirección
Проведите пальцем от первой буквы к последней	Swipe from the first letter to the last	Wische vom ersten bis zum letzten Buchstaben	Desliza de la primera letra a la última
Найденное слово подсвечивается и даёт +2	A found word lights up and gives +2	Ein gefundenes Wort leuchtet auf und gibt +2	La palabra encontrada se ilumina y da +2
Слово может идти и по диагонали, и задом наперёд	Words can run diagonally or backwards	Wörter können diagonal oder rückwärts verlaufen	Las palabras pueden ir en diagonal o al revés
СКИНИЯ	TABERNACLE	STIFTSHÜTTE	TABERNÁCULO
Известны категория и подсказка	You know the category and hint	Du kennst Kategorie und Hinweis	Conoces la categoría y la pista
Верная буква открывается во всех местах сразу	A correct letter is revealed everywhere	Ein richtiger Buchstabe wird überall aufgedeckt	Una letra correcta se revela en todas sus posiciones
Неверная гасит светильник на одно деление	A wrong letter extinguishes one flame	Ein falscher Buchstabe löscht eine Flamme	Una letra incorrecta apaga una llama
Всего допускается 7 ошибок	You have 7 mistakes in total	Du darfst insgesamt 7 Fehler machen	Se permiten 7 errores en total
Слово открыто	Word revealed	Wort aufgedeckt	Palabra revelada
Открывайте по две карточки	Flip two cards at a time	Decke jeweils zwei Karten auf	Voltea dos cartas cada vez
Не совпали — закрываются обратно	No match — they turn back over	Kein Paar — sie drehen sich wieder um	Si no coinciden, se vuelven a tapar
Совпали — остаются открытыми	A match — they stay face up	Ein Paar — sie bleiben offen	Si coinciden, quedan descubiertas
Цель — открыть все пары	Find all pairs to win	Finde alle Paare	El objetivo es descubrir todas las parejas
Матч-3: 50 уровней, особые фишки, каскады и препятствия	Match-3: 50 levels, special pieces, cascades and obstacles	Match-3: 50 Level, Spezialsteine, Kaskaden und Hindernisse	Combina 3: 50 niveles, fichas especiales, cascadas y obstáculos
Цель	Goal	Ziel	Objetivo
Каждый уровень даёт ограниченное число ходов и список целей сверху экрана.	Each level gives you limited moves and a goal list at the top.	Jedes Level gibt dir begrenzte Züge und eine Zielliste oben.	Cada nivel ofrece movimientos limitados y una lista de objetivos arriba.
Выполните все цели до того, как ходы закончатся. Цели бывают такие	Complete all goals before running out of moves. Goal types include	Erfülle alle Ziele, bevor die Züge ausgehen. Es gibt folgende Ziele	Cumple todos los objetivos antes de quedarte sin movimientos. Los tipos son
Набрать очки	Score points	Punkte erzielen	Conseguir puntos
просто дойти до нужной суммы.	simply reach the required total.	erreiche einfach die nötige Summe.	alcanza la puntuación necesaria.
Собрать символ	Collect a symbol	Symbol sammeln	Reunir un símbolo
убрать нужное количество фишек одного вида. Этот вид всегда есть на поле.	clear the required number of one symbol. It is always present on the board.	entferne die nötige Anzahl einer Steinart. Diese ist immer auf dem Feld vorhanden.	elimina la cantidad necesaria de un tipo de ficha. Ese tipo siempre está en el tablero.
Очистить препятствия	Clear obstacles	Hindernisse entfernen	Eliminar obstáculos
сломать цепи, скрижали или выжечь тернии.	break chains, tablets or burn thorns.	zerbrich Ketten und Tafeln oder verbrenne Dornen.	rompe cadenas y tablas o quema espinas.
задеть каждый светильник совпадением.	hit each lamp with a match.	triff jede Lampe mit einer Kombination.	activa cada lámpara con una combinación.
сработавшие особые фишки считаются, откуда бы они ни взялись.	all activated special pieces count, however they were created.	alle aktivierten Spezialsteine zählen, unabhängig von ihrer Herkunft.	cuentan todas las fichas especiales activadas, sin importar cómo se crearon.
устроить цепочку из	create a chain of	erzeuge eine Kette aus	crea una cadena de
срабатываний подряд за один ход.	consecutive activations in one move.	aufeinanderfolgenden Aktivierungen in einem Zug.	activaciones seguidas en un movimiento.
довести ковчег до нижнего ряда.	bring the ark to the bottom row.	bringe die Bundeslade in die unterste Reihe.	lleva el arca a la última fila.
Совпадения и особые фишки	Matches and special pieces	Kombinationen und Spezialsteine	Combinaciones y fichas especiales
Меняйте местами две соседние фишки. Три одинаковых в ряд исчезают.	Swap two adjacent pieces. Three matching pieces in a row disappear.	Tausche zwei benachbarte Steine. Drei gleiche in einer Reihe verschwinden.	Intercambia dos fichas adyacentes. Tres iguales en fila desaparecen.
Четыре и больше — оставляют на поле особую фишку	Four or more create a special piece	Vier oder mehr erzeugen einen Spezialstein	Cuatro o más crean una ficha especial
Что собрали	Match	Kombination	Combinación
Что получится	Result	Ergebnis	Resultado
в ряд	in a row	in einer Reihe	en fila
ничего — фишки просто исчезают	nothing — the pieces simply disappear	nichts — die Steine verschwinden einfach	nada: las fichas desaparecen
Труба	Trumpet	Posaune	Trompeta
убирает весь ряд или весь столбец, вдоль той линии, которой её собрали	clears the entire row or column along the line that created it	entfernt die ganze Reihe oder Spalte entlang der Entstehungslinie	elimina toda la fila o columna en la dirección de la combinación
Угол или крест	Corner or cross	Ecke oder Kreuz	Esquina o cruz
Г, Т, +)	L, T, +)	L, T, +)	L, T, +)
Свет	Light	Licht	Luz
взрыв 3×3 вокруг себя	a 3×3 blast around itself	eine 3×3-Explosion ringsum	una explosión de 3×3 alrededor
и больше в ряд	or more in a row	oder mehr in einer Reihe	o más en fila
убирает с поля все фишки того вида, к которому её подвели	clears every piece of the symbol it is swapped with	entfernt alle Steine des Symbols, mit dem er getauscht wird	elimina todas las fichas del símbolo con el que se intercambia
Особая фишка остаётся на месте одной из собранных и срабатывает, когда её саму заденет совпадение	A special piece stays in place of a matched piece and activates when hit by a match	Ein Spezialstein bleibt anstelle eines kombinierten Steins und aktiviert sich bei einem Treffer	La ficha especial queda en lugar de una combinada y se activa al alcanzarla una combinación
или когда её накроет другая особая фишка.	or another special piece.	oder einen anderen Spezialstein.	o por otra ficha especial.
Комбинации двух особых фишек	Combining two special pieces	Zwei Spezialsteine kombinieren	Combinar dos fichas especiales
Если поменять местами две особые фишки, получится не сумма, а отдельный удар	Swapping two special pieces creates a unique combined effect	Das Tauschen zweier Spezialsteine erzeugt einen eigenen Kombinationseffekt	Intercambiar dos fichas especiales crea un efecto combinado único
Что с чем	Combination	Kombination	Combinación
Что происходит	Effect	Wirkung	Efecto
Радуга + Радуга	Rainbow + Rainbow	Regenbogen + Regenbogen	Arcoíris + Arcoíris
очищает всё поле целиком	clears the entire board	entfernt das gesamte Feld	limpia todo el tablero
Радуга + любая особая	Rainbow + any special	Regenbogen + beliebiger Spezialstein	Arcoíris + cualquier especial
Сила Завета	Covenant Power	Kraft des Bundes	Poder del pacto
все фишки того вида превращаются в такие же особые и разом срабатывают	all pieces of that symbol become matching special pieces and activate together	alle Steine dieser Art werden zu solchen Spezialsteinen und aktivieren sich zugleich	todas las fichas de ese tipo se convierten en especiales iguales y se activan a la vez
Труба + Труба	Trumpet + Trumpet	Posaune + Posaune	Trompeta + Trompeta
Двойные трубы	Double Trumpets	Doppelposaunen	Doble trompeta
крест: сразу весь ряд и весь столбец	a cross: the whole row and column	ein Kreuz: ganze Reihe und Spalte	una cruz: toda la fila y la columna
Труба + Свет	Trumpet + Light	Posaune + Licht	Trompeta + Luz
Свет и трубы	Light and Trumpets	Licht und Posaunen	Luz y trompetas
широкая полоса, взрыв вместе с линией	a wide band, combining a blast and a line	ein breiter Streifen, Explosion und Linie zusammen	una franja ancha, explosión junto con línea
Свет + Свет	Light + Light	Licht + Licht	Luz + Luz
Двойной свет	Double Light	Doppellicht	Doble luz
взрыв увеличенного радиуса	a larger-radius blast	eine Explosion mit größerem Radius	una explosión de mayor radio
Комбинация даёт +240 очков сверх обычного счёта за убранные фишки.	A combination adds 240 points to the usual score for cleared pieces.	Eine Kombination gibt 240 Zusatzpunkte zum normalen Wert entfernter Steine.	Una combinación añade 240 puntos a los habituales por fichas eliminadas.
Каскады — откуда берутся большие очки	Cascades: how to score big	Kaskaden: So entstehen viele Punkte	Cascadas: cómo lograr grandes puntuaciones
Когда фишки исчезают, верхние падают вниз и на их месте появляются новые.	When pieces disappear, those above fall and new pieces fill the gaps.	Wenn Steine verschwinden, fallen die oberen herab und neue füllen die Lücken.	Al desaparecer fichas, las de arriba caen y otras nuevas llenan los huecos.
Если при падении случайно сложилось новое совпадение, оно тоже сработает — это и есть каскад.	A match formed while falling activates too: that is a cascade.	Eine beim Fallen entstandene Kombination löst ebenfalls aus: Das ist eine Kaskade.	Una combinación que se forma al caer también se activa: eso es una cascada.
Счётчик «Каскад» сверху показывает, на какой ступени вы сейчас.	The Cascade counter at the top shows the current step.	Der Kaskadenzähler oben zeigt die aktuelle Stufe.	El contador Cascada de arriba muestra el paso actual.
Очки за убранные фишки	Points for cleared pieces	Punkte für entfernte Steine	Puntos por fichas eliminadas
за фишку	per piece	pro Stein	por ficha
плюс очки за задетые препятствия.	plus points for obstacles hit.	plus Punkte für getroffene Hindernisse.	más puntos por obstáculos alcanzados.
Каждая следующая ступень каскада умножает результат	Each cascade step multiplies the result	Jede weitere Kaskadenstufe vervielfacht das Ergebnis	Cada paso de cascada multiplica el resultado
и дальше.	and so on.	und so weiter.	y así sucesivamente.
То есть каскад ×4 приносит больше чем вдвое против того же хода без каскада.	A ×4 cascade earns more than twice as much as the same move without a cascade.	Eine ×4-Kaskade bringt mehr als doppelt so viel wie derselbe Zug ohne Kaskade.	Una cascada ×4 da más del doble que el mismo movimiento sin cascada.
Каскад засчитывается по самой длинной цепочке за уровень, а не по последнему ходу.	The longest chain in the level counts, not just the last move.	Es zählt die längste Kette des Levels, nicht nur der letzte Zug.	Cuenta la cadena más larga del nivel, no solo el último movimiento.
Отсюда и главный приём: собирать не первое попавшееся, а то, что обрушит верхнюю часть поля.	Plan matches that make the upper board fall, instead of taking the first match you see.	Plane Kombinationen, die den oberen Feldteil fallen lassen, statt den erstbesten Treffer zu nehmen.	Busca combinaciones que hagan caer la parte superior, en lugar de elegir la primera que veas.
Препятствия	Obstacles	Hindernisse	Obstáculos
Препятствие	Obstacle	Hindernis	Obstáculo
Как убрать	How to clear	So entfernen	Cómo eliminar
Цепи	Chains	Ketten	Cadenas
совпадение прямо на ней или в соседней клетке	a match on it or an adjacent cell	eine Kombination darauf oder in einer Nachbarzelle	una combinación encima o en una casilla adyacente
только совпадение прямо на самой скрижали, соседнее не считается	only a match directly on the tablet; adjacent matches do not count	nur eine Kombination direkt auf der Tafel; benachbarte zählen nicht	solo una combinación sobre la tabla; las adyacentes no cuentan
Светильники	Lamps	Lampen	Lámparas
достаточно задеть один раз — совпадением на нём или рядом; он загорается и остаётся гореть	hit it once with a match on or beside it; it lights up and stays lit	ein Treffer darauf oder daneben genügt; sie leuchtet danach dauerhaft	basta alcanzarla una vez con una combinación encima o al lado; queda encendida
только совпадение прямо на них. Если не выжигать, тернии разрастаются на соседние клетки	only a direct match. If not burned, thorns spread to adjacent cells	nur eine direkte Kombination. Unverbrannte Dornen wachsen in Nachbarzellen	solo una combinación directa. Sin quemarlas, crecen a casillas adyacentes
двигать нельзя. Убирайте фишки под ним, чтобы он опускался, пока не дойдёт до нижнего ряда	cannot be moved. Clear pieces below so it drops to the bottom row	kann nicht bewegt werden. Entferne Steine darunter, bis sie die unterste Reihe erreicht	no se mueve. Elimina fichas debajo para que baje hasta la última fila
У цепей и скрижалей бывает несколько слоёв — тогда их придётся задеть столько же раз.	Chains and tablets can have several layers, requiring that many hits.	Ketten und Tafeln können mehrere Schichten haben und benötigen entsprechend viele Treffer.	Las cadenas y tablas pueden tener varias capas y requieren ese número de golpes.
Ковчег не участвует в совпадениях и не меняется местами.	The ark does not take part in matches and cannot be swapped.	Die Bundeslade gehört nicht zu Kombinationen und kann nicht getauscht werden.	El arca no participa en combinaciones ni se puede intercambiar.
Убирайте фишки под ним — он опускается сам, пока не дойдёт до нижнего ряда.	Clear pieces underneath; it falls until it reaches the bottom row.	Entferne Steine darunter; sie sinkt bis zur untersten Reihe.	Elimina fichas debajo; bajará sola hasta la última fila.
Именно этого требует цель «Опустить ковчег».	That is the Bring the ark down goal.	Das ist das Ziel Bundeslade absenken.	Ese es el objetivo Baja el arca.
Бустеры и звёзды	Boosters and stars	Verstärker und Sterne	Potenciadores y estrellas
Звёзды — общая валюта словесных игр и «Сокровищ». За пройденный уровень дают награду	Stars are shared currency for word games and Treasures. Completing a level earns the reward	Sterne sind die gemeinsame Währung der Wortspiele und Schätze. Ein abgeschlossenes Level gibt die Belohnung	Las estrellas son la moneda común de los juegos de palabras y Tesoros. Completar un nivel da la recompensa
указанную на его карточке. Тратить их можно на бустеры.	shown on its card. Spend stars on boosters.	auf seiner Karte. Du kannst Sterne für Verstärker ausgeben.	indicada en su tarjeta. Puedes gastarlas en potenciadores.
До начала уровня	Before the level	Vor dem Level	Antes del nivel
Манна с небес — 6	Manna from Heaven — 6	Manna vom Himmel — 6	Maná del cielo — 6
две трубы на поле), Масло светильника — 8	two trumpets), Lamp Oil — 8	zwei Posaunen), Lampenöl — 8	dos trompetas), Aceite de lámpara — 8
один свет), Радуга Завета — 12	one light), Covenant Rainbow — 12	ein Licht), Regenbogen des Bundes — 12	una luz), Arcoíris del pacto — 12
радужная фишка).	a rainbow piece).	ein Regenbogenstein).	una ficha arcoíris).
Во время уровня	During the level	Während des Levels	Durante el nivel
Праща Давида — 5	David Sling — 5	Davids Schleuder — 5	Honda de David — 5
удар по одной клетке), Посох Моисея — 7	hit one cell), Moses Staff — 7	Treffer auf eine Zelle), Moses Stab — 7	golpe en una casilla), Vara de Moisés — 7
весь столбец), Трубы Иерихона — 10	whole column), Trumpets of Jericho — 10	ganze Spalte), Posaunen von Jericho — 10	toda la columna), Trompetas de Jericó — 10
волна 3×3), Радуга Завета — 8	3×3 wave), Covenant Rainbow — 8	3×3-Welle), Regenbogen des Bundes — 8	onda de 3×3), Arcoíris del pacto — 8
делает выбранную фишку радужной).	turns the chosen piece into a rainbow).	verwandelt den gewählten Stein in einen Regenbogen).	convierte la ficha elegida en arcoíris).
Бустер во время уровня	An in-level booster	Ein Verstärker während des Levels	Un potenciador durante el nivel
не тратит ход	does not use a move	verbraucht keinen Zug	no gasta movimiento
Звёзды за уровень	Level stars	Levelsterne	Estrellas por nivel
После победы уровень оценивается тремя звёздами — по набранным очкам.	After winning, the level is rated up to three stars based on your score.	Nach einem Sieg erhält das Level bis zu drei Sterne anhand deiner Punkte.	Al ganar, el nivel recibe hasta tres estrellas según tu puntuación.
У каждого уровня три своих порога: первая звезда — это ровно цель уровня, вторая и третья выше.	Each level has three thresholds: the first star matches the goal, the others are higher.	Jedes Level hat drei Schwellen: Der erste Stern entspricht dem Ziel, die anderen liegen höher.	Cada nivel tiene tres umbrales: la primera estrella coincide con el objetivo y las otras son mayores.
Перепройти уровень ради третьей звезды можно в любой момент.	Replay any level anytime to earn the third star.	Wiederhole ein Level jederzeit für den dritten Stern.	Puedes repetir cualquier nivel para conseguir la tercera estrella.
Если ходов не осталось, а цели не выполнены — уровень не засчитан, прогресс на нём не теряется.	If moves run out before goals are met, the level is not completed; previous progress is kept.	Sind die Züge vor Erfüllung der Ziele aufgebraucht, ist das Level nicht geschafft; bisheriger Fortschritt bleibt.	Si se agotan los movimientos antes de cumplir los objetivos, el nivel no cuenta; el progreso anterior se conserva.
Если ходов нет	If no moves remain	Wenn keine Züge möglich sind	Si no quedan movimientos
Когда на поле не остаётся ни одного хода, поле перемешивается само и ход не тратится.	If no move is possible, the board shuffles automatically without using a move.	Ist kein Zug möglich, mischt sich das Feld automatisch, ohne einen Zug zu verbrauchen.	Si no hay movimientos posibles, el tablero se mezcla solo sin gastar un movimiento.
Соберите слова из набора букв	Build words from a set of letters	Bilde Wörter aus einem Buchstabensatz	Forma palabras con un conjunto de letras
Дан круг букв. Ведите пальцем по буквам, составляя слово.	Swipe across the letter wheel to make a word.	Wische über den Buchstabenkreis und bilde ein Wort.	Desliza por el círculo de letras para formar una palabra.
Уровень пройден, когда найдены все основные слова — они показаны пустыми клетками сверху.	Find all main words shown as empty cells above to complete the level.	Finde alle Hauptwörter in den leeren Feldern oben, um das Level abzuschließen.	Encuentra todas las palabras principales, mostradas como casillas vacías arriba, para completar el nivel.
Одно из основных слов всегда использует	One main word always uses	Ein Hauptwort nutzt immer	Una palabra principal siempre usa
все буквы	all letters	alle Buchstaben	todas las letras
уровня — с него часто проще начать.	in the level — it is often easiest to start there.	des Levels — damit lässt sich oft am leichtesten beginnen.	del nivel: suele ser lo más fácil para empezar.
Кроме основных есть	Besides main words there are	Neben Hauptwörtern gibt es	Además de las principales, hay
бонусные	bonus	Bonus-	extra
слова: они не нужны для прохождения, но за каждое дают награду.	words: optional for completion, but each earns a reward.	Wörter: Sie sind optional, geben aber jeweils eine Belohnung.	palabras: no son necesarias para completar el nivel, pero dan recompensa.
Бонусом засчитывается любое слово, которое встречается в Библии — в синодальном переводе.	Bonus words come from the selected language dictionary.	Bonuswörter stammen aus dem Wörterbuch der gewählten Sprache.	Las palabras extra proceden del diccionario del idioma elegido.
Слова вне его игра не принимает, о чём и говорит прямо.	Words outside that dictionary are not accepted.	Wörter außerhalb dieses Wörterbuchs werden nicht akzeptiert.	Las palabras fuera de ese diccionario no se aceptan.
Звёзды	Stars	Sterne	Estrellas
Пройденный уровень	Completed level	Abgeschlossenes Level	Nivel completado
один раз, повторное прохождение награду не даёт).	once; replays give no reward).	einmalig; Wiederholungen geben keine Belohnung).	una vez; repetirlo no da recompensa).
Бонусное слово	Bonus word	Bonuswort	Palabra extra
Открыть одну букву	Reveal one letter	Einen Buchstaben aufdecken	Revelar una letra
Открыть слово целиком	Reveal whole word	Ganzes Wort aufdecken	Revelar la palabra completa
Найдите слова в сетке букв	Find words in the letter grid	Finde Wörter im Buchstabengitter	Encuentra palabras en la cuadrícula
Слова спрятаны в сетке по прямой: по горизонтали, вертикали или диагонали	Words run in straight lines: horizontally, vertically or diagonally	Wörter verlaufen gerade: waagerecht, senkrecht oder diagonal	Las palabras van en línea recta: horizontal, vertical o diagonal
в любую сторону, в том числе задом наперёд. Проведите пальцем от первой буквы к последней.	in any direction, including backwards. Swipe from the first letter to the last.	in jede Richtung, auch rückwärts. Wische vom ersten zum letzten Buchstaben.	en cualquier dirección, también al revés. Desliza de la primera letra a la última.
Найденное слово	Found word	Gefundenes Wort	Palabra encontrada
Откройте слово по буквам, пока горит светильник	Reveal the word before the lamp goes out	Entdecke das Wort, bevor die Lampe erlischt	Descubre la palabra antes de que se apague la lámpara
Загадано слово. Известны его категория и подсказка. Называйте буквы	A word is hidden. You know its category and hint. Guess letters	Ein Wort ist versteckt. Du kennst Kategorie und Hinweis. Rate Buchstaben	Hay una palabra oculta. Conoces su categoría y una pista. Adivina letras
угаданная открывается во всех местах сразу, неверная гасит светильник на одно деление.	a correct letter is revealed everywhere; a wrong one dims the lamp by one step.	ein richtiger wird überall aufgedeckt, ein falscher dimmt die Lampe um eine Stufe.	una correcta se revela en todas sus posiciones; una incorrecta apaga una parte de la lámpara.
Всего допускается	Mistakes allowed:	Erlaubte Fehler:	Errores permitidos:
на восьмой светильник гаснет и раунд заканчивается.	on the eighth, the lamp goes out and the round ends.	beim achten erlischt die Lampe und die Runde endet.	al octavo, la lámpara se apaga y termina la ronda.
Уровень можно выбрать вручную в списке сверху и вернуться к любому пройденному.	Choose a level from the list above to revisit completed levels.	Wähle oben ein Level, um abgeschlossene Level erneut zu spielen.	Elige un nivel en la lista superior para volver a los completados.
Трёхмерный забег по реке	A 3D river run	Ein 3D-Lauf auf dem Fluss	Un recorrido 3D por el río
Корзинку несёт течением. Меняйте дорожку, поднимайтесь на волне через брёвна и	The current carries the basket. Change lanes, ride waves over logs and	Die Strömung trägt das Körbchen. Wechsle die Spur, reite auf Wellen über Baumstämme und	La corriente lleva la cesta. Cambia de carril, salta troncos con las olas y
ныряйте под нависший папирус. Чем дальше уплыли, тем быстрее становится река.	dive under hanging papyrus. The farther you travel, the faster the river flows.	tauche unter hängenden Papyrus. Je weiter du kommst, desto schneller fließt der Fluss.	sumérgete bajo el papiro. Cuanto más avanzas, más rápido fluye el río.
Влево и вправо	Left and right	Links und rechts	Izquierda y derecha
смена дорожки: кнопки, стрелки или свайп.	change lanes using buttons, arrow keys or swipes.	Spur wechseln per Schaltfläche, Pfeiltaste oder Wischen.	cambia de carril con botones, flechas o deslizamientos.
Вверх	Up	Nach oben	Arriba
волна: перебросит через бревно.	wave: carries you over a log.	Welle: trägt dich über einen Baumstamm.	ola: te lleva por encima de un tronco.
Вниз	Down	Nach unten	Abajo
нырок: проведёт под зарослями.	dive: takes you beneath the reeds.	tauchen: führt dich unter den Pflanzen hindurch.	buceo: te lleva bajo la vegetación.
Три сердца на весь путь. Крокодил, бегемот и борт ладьи отнимают по одному.	Three hearts for the journey. Crocodiles, hippos and boat sides each cost one.	Drei Herzen für die Reise. Krokodile, Nilpferde und Bootsseiten kosten je eines.	Tres corazones para el viaje. Cocodrilos, hipopótamos y barcos quitan uno cada vez.
Четыре знака встречаются по дороге и работают ограниченное время.	Four power-ups appear along the way and last for a limited time.	Vier Verstärker erscheinen unterwegs und wirken begrenzte Zeit.	Hay cuatro potenciadores en el camino que duran un tiempo limitado.
пузырь обволакивает корзинку и гасит один удар.	a bubble surrounds the basket and blocks one hit.	eine Blase umgibt das Körbchen und blockiert einen Treffer.	una burbuja rodea la cesta y bloquea un golpe.
лотосы сами сворачивают к корзинке.	lotuses move toward the basket.	Lotusblüten bewegen sich zum Körbchen.	los lotos se acercan a la cesta.
течение несёт быстрее.	the current carries you faster.	die Strömung trägt dich schneller.	la corriente te lleva más rápido.
возвращает потерянное сердце, а при полных — даёт очки.	restores a heart, or gives points if hearts are full.	stellt ein Herz wieder her oder gibt Punkte bei vollen Herzen.	recupera un corazón o da puntos si ya están completos.
Парные карточки для самых маленьких	Matching cards for little ones	Paarkarten für die Kleinsten	Parejas de cartas para los más pequeños
Открывайте по две карточки. Совпали — остаются открытыми, нет — закрываются обратно.	Flip two cards. Matches stay open; others turn back over.	Decke zwei Karten auf. Paare bleiben offen, andere drehen sich wieder um.	Voltea dos cartas. Las parejas quedan abiertas; las otras se tapan.
Цель — открыть все пары.	Find all pairs to win.	Finde alle Paare.	El objetivo es descubrir todas las parejas.
поле 4×4, 8 пар, две подсказки.	4×4 board, 8 pairs, two hints.	4×4-Feld, 8 Paare, zwei Tipps.	tablero 4×4, 8 parejas, dos pistas.
пар и сюрприз, две подсказки.	pairs and a surprise, two hints.	Paare und eine Überraschung, zwei Tipps.	parejas y una sorpresa, dos pistas.
Сложный	Hard	Schwer	Difícil
пар, одна подсказка.	pairs, one hint.	Paare, ein Tipp.	parejas, una pista.
В режиме «Спокойно» таймера нет. В режиме «На скорость» идёт время и ведутся рекорды, а подсказка добавляет 5 секунд.	Relaxed mode has no timer. Timed mode tracks time and records; a hint adds 5 seconds.	Entspannt hat keinen Timer. Auf Zeit erfasst Zeit und Rekorde; ein Tipp fügt 5 Sekunden hinzu.	El modo Tranquilo no tiene reloj. Contrarreloj registra tiempo y récords; una pista añade 5 segundos.
Объясняйте слова на время	Explain words against the clock	Erklärt Wörter auf Zeit	Explicad palabras contrarreloj
Команды по очереди объясняют слова, не называя однокоренных.	Teams take turns explaining words without using related word forms.	Teams erklären abwechselnd Wörter, ohne verwandte Wortformen zu nennen.	Los equipos explican palabras por turnos sin usar palabras de la misma raíz.
Пока идёт время, ведущий отмечает: угадали, не угадали или пропустить.	While time runs, the host marks guessed, not guessed or skipped.	Während die Zeit läuft, markiert der Gastgeber erraten, nicht erraten oder übersprungen.	Mientras corre el tiempo, se marca acertada, no acertada o saltada.
Длительность раунда настраивается — от 1 до 180 секунд.	Round duration can be set from 1 to 180 seconds.	Die Rundendauer ist von 1 bis 180 Sekunden einstellbar.	La duración de la ronda se ajusta entre 1 y 180 segundos.
Угаданное слово приносит очко команде, пропущенное — нет.	A guessed word earns the team a point; a skipped word does not.	Ein erratenes Wort gibt dem Team einen Punkt, ein übersprungenes nicht.	Una palabra acertada da un punto al equipo; una saltada no.
Использованные слова можно сбросить, чтобы играть колодой заново.	Reset used words to play the deck again.	Setze verwendete Wörter zurück, um den Stapel erneut zu spielen.	Restablece las palabras usadas para volver a jugar la baraja.
Секретная роль и общая локация	Secret role and shared location	Geheime Rolle und gemeinsamer Ort	Rol secreto y lugar común
Телефон передаётся по кругу: каждый смотрит свою карточку так, чтобы не видели остальные.	Pass the phone around so each player can view their card privately.	Gebt das Handy weiter, damit jeder seine Karte geheim ansehen kann.	Pasad el teléfono para que cada uno vea su carta en privado.
Все, кроме соглядатаев, знают локацию; соглядатаи не знают ничего.	Everyone except the spies knows the location; spies do not.	Alle außer den Spionen kennen den Ort; die Spione nicht.	Todos menos los espías conocen el lugar; los espías no.
От 3 до 20 игроков, соглядатаев всегда меньше, чем игроков.	3 to 20 players, with fewer spies than players.	3 bis 20 Spieler, mit weniger Spionen als Spielern.	De 3 a 20 jugadores, con menos espías que jugadores.
Дальше — разговор: задавайте вопросы так, чтобы свои поняли, а соглядатай нет.	Then discuss: ask questions fellow citizens understand but the spy will not.	Dann diskutiert: Stellt Fragen, die Bürger verstehen, aber Spione nicht.	Después debatid: haced preguntas que entiendan los ciudadanos, pero no los espías.
Голосованием ищут соглядатая, соглядатай пытается угадать локацию.	Vote to find the spy, while the spy tries to guess the location.	Stimmt ab, um den Spion zu finden, während er den Ort errät.	Votad para encontrar al espía, mientras él intenta adivinar el lugar.
В онлайне каждый круг голосования выгоняет одного, а роли открываются только в конце партии	Online, each vote eliminates one player and roles are revealed only at the end	Online scheidet bei jeder Abstimmung einer aus; Rollen werden erst am Ende aufgedeckt	En línea, cada votación expulsa a uno y los roles se revelan al final
пока хоть один соглядатай за столом, игра продолжается.	the game continues while at least one spy remains.	das Spiel geht weiter, solange mindestens ein Spion dabei ist.	la partida continúa mientras quede al menos un espía.
Соглядатаям в онлайне доступен свой закрытый чат — стол его не видит.	Online spies have a private chat hidden from other players.	Onlinespione haben einen privaten Chat, den andere Spieler nicht sehen.	Los espías en línea tienen un chat privado oculto a los demás.
Соберите четыре карты одной группы	Collect four cards in a group	Sammle vier Karten einer Gruppe	Reúne cuatro cartas de un grupo
В каждой группе четыре карты. Побеждает тот, кто соберёт больше полных квартетов.	Each group has four cards. The player with the most complete quartets wins.	Jede Gruppe hat vier Karten. Wer die meisten vollständigen Quartette sammelt, gewinnt.	Cada grupo tiene cuatro cartas. Gana quien reúna más cuartetos completos.
В свой ход выберите соперника, затем недостающую карту из своей группы и спросите её.	On your turn, choose an opponent and ask for a missing card from your group.	Wähle bei deinem Zug einen Mitspieler und frage nach einer fehlenden Karte deiner Gruppe.	En tu turno, elige un rival y pide una carta que te falte de tu grupo.
Карта есть у соперника — она сразу переходит к вам, и ход продолжается.	If the opponent has it, you receive it and keep your turn.	Hat der Mitspieler sie, bekommst du sie und bleibst dran.	Si el rival la tiene, la recibes y conservas el turno.
Карты нет или вышло время — ход переходит следующему игроку.	If the card is missing or time runs out, the next player takes over.	Fehlt die Karte oder läuft die Zeit ab, ist der Nächste dran.	Si no la tiene o se acaba el tiempo, pasa el turno al siguiente.
Собранный квартет засчитывается сам.	Completed quartets count automatically.	Vollständige Quartette zählen automatisch.	Los cuartetos completos se cuentan automáticamente.
Тема и буква — придумайте ответ	A theme and a letter: think of an answer	Thema und Buchstabe: Finde eine Antwort	Un tema y una letra: piensa una respuesta
На экране тема и буква. Все одновременно придумывают подходящее слово на эту букву.	A theme and letter appear. Everyone thinks of a matching word starting with that letter.	Ein Thema und Buchstabe erscheinen. Alle suchen gleichzeitig ein passendes Wort mit diesem Anfangsbuchstaben.	Aparecen un tema y una letra. Todos piensan una palabra adecuada que empiece por esa letra.
Кто первым назвал — тот и прав; спорные ответы решает компания.	The first valid answer wins; the group settles disputed answers.	Die erste gültige Antwort gewinnt; bei Streit entscheidet die Gruppe.	Gana la primera respuesta válida; el grupo decide las dudosas.
Вопросы, версии и логика	Questions, guesses and logic	Fragen, Vermutungen und Logik	Preguntas, hipótesis y lógica
Каждый по очереди смотрит своего персонажа и никому его не показывает.	Each player views their character privately in turn.	Jeder sieht sich abwechselnd seine Person geheim an.	Cada jugador mira su personaje en privado por turnos.
Дальше игроки задают вопросы, на которые можно ответить «да» или «нет», и вычисляют, кто им достался.	Then ask yes-or-no questions to work out your character.	Stellt danach Ja-Nein-Fragen, um eure Person zu erraten.	Después haced preguntas de sí o no para descubrir el personaje.
Игроки по очереди смотрят своё слово и объясняют его, не называя напрямую.	Players view their words in turn and explain them without naming them.	Spieler sehen ihre Wörter abwechselnd und erklären sie, ohne sie zu nennen.	Los jugadores ven su palabra por turnos y la explican sin nombrarla.
Можно говорить о признаках, назначении и ассоциациях. От 2 до 15 участников.	Use traits, purpose and associations. For 2 to 15 players.	Nutze Eigenschaften, Verwendung und Assoziationen. Für 2 bis 15 Spieler.	Usa características, funciones y asociaciones. De 2 a 15 jugadores.
Собери четыре связанные карты	Collect four related cards	Sammle vier zusammengehörige Karten	Reúne cuatro cartas relacionadas
Комбинации, бустеры и путь из 50 уровней	Combos, boosters and a 50-level journey	Kombinationen, Verstärker und 50 Level	Combinaciones, potenciadores y un camino de 50 niveles
звезда	star	Stern	estrella
звезды	stars	Sterne	estrellas
ничего не пройдено	nothing completed yet	noch nichts abgeschlossen	aún no hay nada completado
Уровни, звёзды за них и рекорды свободной игры. Кошелёк со звёздами останется.	Levels, their star ratings and free-play records. Your star balance remains.	Level, ihre Sternebewertungen und Freispielrekorde. Dein Sterneguthaben bleibt.	Niveles, sus valoraciones y récords de juego libre. Tu saldo de estrellas se conserva.
пройдено	completed	abgeschlossen	completado
После сброса слова перераспределятся между уровнями — набор букв тот же, слова другие.	Reset redistributes words among levels, keeping letter sets but changing words.	Zurücksetzen verteilt Wörter neu auf Level; Buchstabensätze bleiben, Wörter ändern sich.	El reinicio redistribuye palabras entre niveles: se mantienen las letras, cambian las palabras.
Уровни пойдут в новом порядке, а сетки букв игра разложит заново.	Levels get a new order and letter grids are rebuilt.	Level erhalten eine neue Reihenfolge und Buchstabengitter werden neu aufgebaut.	Los niveles cambian de orden y se regeneran las cuadrículas.
Игра начнётся с первого слова.	The game starts from the first word.	Das Spiel beginnt beim ersten Wort.	El juego empieza desde la primera palabra.
рекорда	records	Rekorde	récords
рекордов	records	Rekorde	récords
рекордов нет	no records	keine Rekorde	sin récords
Рекорды на скорость и счётчик партий.	Speed records and game count.	Zeitrekorde und Partienzähler.	Récords de velocidad y contador de partidas.
Наведите камеру на	Point your camera at	Richte die Kamera auf	Apunta la cámara a
Сделайте свайп	Swipe a piece	Wische einen Stein	Desliza una ficha
Проведите одну фишку к соседней. Если после обмена получится ряд из 3 и более одинаковых символов, они исчезнут, а новые фишки упадут сверху.	Swipe a piece toward its neighbor. A row of 3 or more matching symbols disappears and new pieces fall from above.	Wische einen Stein zum Nachbarn. Eine Reihe aus mindestens 3 gleichen Symbolen verschwindet; neue Steine fallen von oben.	Desliza una ficha hacia la vecina. Una fila de 3 o más iguales desaparece y caen fichas nuevas.
Свайпните соседние фишки	Swipe adjacent pieces	Wische benachbarte Steine	Desliza fichas adyacentes
Следите за целями	Watch the goals	Achte auf die Ziele	Vigila los objetivos
Перед каждым ходом смотрите сюда: уровень может требовать очки, определённый символ или разрушение препятствий. Победа засчитывается только после выполнения всех целей.	Check here before each move: goals may require points, symbols or cleared obstacles. Complete every goal to win.	Sieh vor jedem Zug hierher: Ziele verlangen Punkte, Symbole oder entfernte Hindernisse. Erfülle alle Ziele zum Sieg.	Mira aquí antes de cada movimiento: los objetivos piden puntos, símbolos u obstáculos eliminados. Cumple todos para ganar.
Цели текущего уровня	Current level goals	Ziele des aktuellen Levels	Objetivos del nivel actual
У поля есть границы	The board has boundaries	Das Feld hat Grenzen	El tablero tiene límites
Играть можно только внутри подсвеченного контура. На следующих уровнях поле меняет форму: овал, ромб, крест, полукруг или щит. Пустые зоны за контуром недоступны.	Play only inside the highlighted outline. Later boards may be oval, diamond, cross, semicircle or shield shaped. Empty areas outside are unavailable.	Spiele nur innerhalb der leuchtenden Umrandung. Spätere Felder sind oval, rautenförmig, kreuzförmig, halbkreisförmig oder schildförmig. Leere Bereiche außen sind nicht bespielbar.	Juega solo dentro del contorno iluminado. Los siguientes tableros tienen forma ovalada, de rombo, cruz, semicírculo o escudo. Fuera del contorno no se puede jugar.
Граница игрового поля	Board boundary	Spielfeldgrenze	Límite del tablero
Разрушайте препятствия	Break obstacles	Zerstöre Hindernisse	Destruye obstáculos
Цепи, скрижали, лампады и тернии усложняют поле. Скрижаль получает урон при очистке своей клетки, цепь — от подходящего воздействия, лампаду нужно зажечь. Тернии выжигаются только совпадением прямо на них — и, пока их не трогают, сами разрастаются на соседние клетки. Цифра показывает оставшиеся слои.	Chains, tablets, lamps and thorns make the board harder. Tablets take damage when their cell is cleared; chains respond to matching effects; lamps must be lit. Thorns need direct matches and spread if left alone. The number shows remaining layers.	Ketten, Tafeln, Lampen und Dornen erschweren das Feld. Tafeln erleiden Schaden beim Leeren ihrer Zelle, Ketten durch passende Treffer; Lampen müssen leuchten. Dornen brauchen direkte Treffer und breiten sich sonst aus. Die Zahl zeigt übrige Schichten.	Cadenas, tablas, lámparas y espinas complican el tablero. Las tablas se dañan al limpiar su casilla; las cadenas, con efectos adecuados; las lámparas deben encenderse. Las espinas exigen combinaciones directas y crecen si se dejan. El número indica capas restantes.
Препятствия на фишках	Obstacles on pieces	Hindernisse auf Steinen	Obstáculos en las fichas
Опускайте ковчег	Bring the ark down	Senke die Bundeslade ab	Baja el arca
Ковчег двигать нельзя. Убирайте фишки под ним, чтобы он падал всё ниже, — цель засчитывается, когда ковчег дойдёт до подсвеченного нижнего ряда.	The ark cannot be moved. Clear pieces below it until it reaches the highlighted bottom row to complete the goal.	Die Bundeslade kann nicht bewegt werden. Entferne Steine darunter, bis sie die markierte unterste Reihe erreicht.	El arca no se puede mover. Elimina fichas debajo hasta que alcance la última fila iluminada para cumplir el objetivo.
Ковчег идёт вниз	The ark moves down	Die Bundeslade sinkt	El arca baja
Используйте усилители	Use boosters	Nutze Verstärker	Usa potenciadores
Праща, Посох, Трубы и Ноев ковчег помогают в сложный момент. Они тратят звёзды, но не расходуют игровой ход.	Sling, Staff, Trumpets and the Ark help in tough moments. They cost stars but do not use a move.	Schleuder, Stab, Posaunen und Arche helfen bei Schwierigkeiten. Sie kosten Sterne, aber keinen Zug.	Honda, Vara, Trompetas y Arca ayudan en momentos difíciles. Gastan estrellas, pero no movimientos.
Горизонтальный усилитель	Horizontal booster	Horizontaler Verstärker	Potenciador horizontal
Вертикальный усилитель	Vertical booster	Vertikaler Verstärker	Potenciador vertical
Взрывной усилитель	Explosive booster	Explosionsverstärker	Potenciador explosivo
Радужный усилитель	Rainbow booster	Regenbogenverstärker	Potenciador arcoíris
Выйти из профиля	Sign out	Abmelden	Cerrar sesión
Прогресс синхронизируется с	Progress syncs with	Fortschritt wird synchronisiert mit	El progreso se sincroniza con
Вход в профиль	Sign in	Anmelden	Iniciar sesión
Код из бота — и звёзды с уровнями будут те же, что в	Use a bot code to get the same stars and levels as in	Mit einem Botcode erhältst du dieselben Sterne und Level wie in	Con un código del bot tendrás las mismas estrellas y niveles que en
Предметы	Objects	Gegenstände	Objetos
Ковчег, жезл, скрижали и другие предметы	Ark, staff, tablets and other objects	Arche, Stab, Tafeln und weitere Gegenstände	Arca, vara, tablas y otros objetos
Места	Places	Orte	Lugares
Города, земли, горы и места событий	Cities, lands, mountains and places of events	Städte, Länder, Berge und Schauplätze	Ciudades, tierras, montañas y escenarios
Люди	People	Menschen	Personas
Персонажи Ветхого и Нового Завета	People of the Old and New Testaments	Personen des Alten und Neuen Testaments	Personajes del Antiguo y Nuevo Testamento
События	Events	Ereignisse	Sucesos
События и короткие фразы из библейского текста	Events and short phrases from the Bible	Ereignisse und kurze Wendungen aus der Bibel	Sucesos y frases breves de la Biblia
Природа	Nature	Natur	Naturaleza
Звери, птицы, деревья и небесные знамения	Animals, birds, trees and heavenly signs	Tiere, Vögel, Bäume und Himmelszeichen	Animales, aves, árboles y señales celestiales
Ремёсла	Crafts	Handwerk	Oficios
Пастух, горшечник, сеятель и другие занятия	Shepherd, potter, sower and other occupations	Hirte, Töpfer, Sämann und andere Berufe	Pastor, alfarero, sembrador y otros oficios
Шпион назвал слово досрочно, и приложение подтвердило точное совпадение.	The spy guessed early with an exact match.	Der Spion hat das Wort vorzeitig genau erraten.	El espía acertó la palabra antes de tiempo con coincidencia exacta.
Шпион назвал слово досрочно, и художники засчитали его ответ.	The spy guessed early and the artists accepted the answer.	Der Spion antwortete vorzeitig und die Künstler akzeptierten die Antwort.	El espía respondió antes de tiempo y los artistas aceptaron la respuesta.
Шпиона нашли, но он точно назвал слово в последней попытке.	The spy was found but guessed the word on the final attempt.	Der Spion wurde gefunden, erriet aber das Wort im letzten Versuch.	Encontraron al espía, pero acertó la palabra en el último intento.
Шпиона нашли, но команда засчитала его финальный ответ.	The spy was found but the team accepted the final answer.	Der Spion wurde gefunden, aber das Team akzeptierte seine letzte Antwort.	Encontraron al espía, pero el equipo aceptó su respuesta final.
Шпиона нашли, а его последний ответ команда не засчитала.	The spy was found and the team rejected the final answer.	Der Spion wurde gefunden und das Team lehnte seine letzte Antwort ab.	Encontraron al espía y el equipo rechazó su respuesta final.
Шпиона нашли, но он не успел назвать слово.	The spy was found but ran out of time to answer.	Der Spion wurde gefunden, antwortete aber nicht rechtzeitig.	Encontraron al espía, pero no respondió a tiempo.
После рисунков команда выбрала не того игрока.	The team chose the wrong player after drawing.	Das Team wählte nach dem Zeichnen den falschen Spieler.	El equipo eligió al jugador equivocado tras dibujar.
Голоса разделились, поэтому шпион остался нераскрытым.	The vote was tied, so the spy remained hidden.	Die Abstimmung war unentschieden, daher blieb der Spion unerkannt.	Hubo empate, así que el espía quedó oculto.
Шпион покинул раунд.	The spy left the round.	Der Spion hat die Runde verlassen.	El espía abandonó la ronda.
В комнате осталось слишком мало игроков для продолжения.	Too few players remain to continue.	Zu wenige Spieler zum Fortsetzen übrig.	Quedan muy pocos jugadores para continuar.
Манна	Manna	Manna	Maná
Две направленные особые фишки в начале уровня.	Two directional special pieces at level start.	Zwei gerichtete Spezialsteine zu Levelbeginn.	Dos fichas especiales direccionales al empezar.
Масло	Oil	Öl	Aceite
Один светильник-вспышка в начале уровня.	One flash lamp at level start.	Eine Blitzlampe zu Levelbeginn.	Una lámpara de destello al empezar.
Радуга	Rainbow	Regenbogen	Arcoíris
Одна радужная фишка, очищающая выбранный символ.	One rainbow piece that clears a selected symbol.	Ein Regenbogenstein, der ein gewähltes Symbol entfernt.	Una ficha arcoíris que elimina el símbolo elegido.
Праща Давида	David Sling	Davids Schleuder	Honda de David
Точный удар по одной клетке.	A precise hit on one cell.	Ein präziser Treffer auf eine Zelle.	Un golpe preciso en una casilla.
Посох Моисея	Moses Staff	Moses Stab	Vara de Moisés
Очищает выбранный столбец.	Clears the chosen column.	Entfernt die gewählte Spalte.	Limpia la columna elegida.
Трубы Иерихона	Trumpets of Jericho	Posaunen von Jericho	Trompetas de Jericó
Мощная ударная волна 3×3.	A powerful 3×3 shockwave.	Eine starke 3×3-Druckwelle.	Una potente onda de 3×3.
Превращает выбранную фишку в радужную.	Turns the chosen piece into a rainbow.	Verwandelt den gewählten Stein in einen Regenbogen.	Convierte la ficha elegida en arcoíris.
классическое	classic	klassisch	clásico
овальное	oval	oval	ovalado
полукруг	semicircle	Halbkreis	semicírculo
ромб	diamond	Raute	rombo
крест	cross	Kreuz	cruz
щит	shield	Schild	escudo
Соберите три	Match three	Kombiniere drei	Combina tres
Смахните фишку к соседней. Совпадение из трёх исчезнет, а новые фишки упадут сверху.	Swipe toward a neighboring piece. Three matches disappear and new pieces fall from above.	Wische zu einem Nachbarstein. Drei gleiche verschwinden und neue fallen von oben.	Desliza hacia una ficha vecina. Tres iguales desaparecen y caen otras nuevas.
Смотрите на цели	Check the goals	Prüfe die Ziele	Mira los objetivos
В кампании сверху показаны все условия уровня. Нужный символ всегда входит в набор фишек этого уровня.	Campaign goals appear at the top. Required symbols are always included in that level.	Kampagnenziele stehen oben. Benötigte Symbole sind immer im Level vorhanden.	Los objetivos de campaña aparecen arriba. Los símbolos necesarios siempre están incluidos en el nivel.
Форма поля и препятствия	Board shape and obstacles	Feldform und Hindernisse	Forma del tablero y obstáculos
На следующих уровнях поле станет овальным, полукруглым, ромбом, крестом или щитом. Цепи и скрижали разрушаются совпадениями рядом или прямо на них.	Later boards have varied shapes. Clear chains with direct or adjacent matches; tablets require direct matches.	Spätere Felder haben verschiedene Formen. Ketten verschwinden durch direkte oder benachbarte Treffer, Tafeln brauchen direkte Treffer.	Los siguientes tableros tienen formas variadas. Las cadenas se rompen con combinaciones directas o adyacentes; las tablas necesitan directas.
Тернии и ковчег	Thorns and ark	Dornen und Bundeslade	Espinas y arca
Тернии сами разрастаются на соседние клетки, если их не выжигать совпадениями прямо на них. Ковчег двигать нельзя — убирайте фишки под ним, чтобы он опустился на нижний ряд.	Thorns spread unless cleared by direct matches. The ark cannot be moved; clear pieces beneath it to reach the bottom row.	Dornen breiten sich ohne direkte Treffer aus. Die Bundeslade kann nicht bewegt werden; entferne Steine darunter bis zur untersten Reihe.	Las espinas crecen si no se eliminan directamente. El arca no se mueve: elimina fichas debajo para que llegue a la última fila.
Особые фишки и помощь	Special pieces and help	Spezialsteine und Hilfe	Fichas especiales y ayuda
Четыре и пять одинаковых создают усиления. Бустеры снизу помогают пройти сложный момент и не тратят ход.	Four or five matching pieces create power-ups. Boosters below help in tough spots without using a move.	Vier oder fünf gleiche Steine erzeugen Verstärker. Die Verstärker unten helfen ohne Zugverbrauch.	Cuatro o cinco iguales crean potenciadores. Los de abajo ayudan sin gastar un movimiento.
пар	pairs	Paare	parejas
пар + сюрприз	pairs + surprise	Paare + Überraschung	parejas + sorpresa
Спокойно	Relaxed	Entspannt	Tranquilo
Без таймера — играйте в своём темпе	No timer — play at your own pace	Ohne Timer — spiele in deinem Tempo	Sin reloj: juega a tu ritmo
На скорость	Timed	Auf Zeit	Contrarreloj
Таймер и рекорды; подсказка добавит 5 секунд	Timer and records; a hint adds 5 seconds	Timer und Rekorde; ein Tipp fügt 5 Sekunden hinzu	Reloj y récords; una pista añade 5 segundos
Весь ковчег	Whole ark	Ganze Arche	Toda el arca
Все животные	All animals	Alle Tiere	Todos los animales
Сафари	Safari	Safari	Safari
Звери суши	Land animals	Landtiere	Animales terrestres
У воды	By the water	Am Wasser	Junto al agua
Море и берега	Sea and shores	Meer und Küsten	Mar y costas
лев	lion	Löwe	león
тигр	tiger	Tiger	tigre
медведь	bear	Bär	oso
панда	panda	Panda	panda
лиса	fox	Fuchs	zorro
собака	dog	Hund	perro
кошка	cat	Katze	gato
мышка	mouse	Maus	ratón
хомяк	hamster	Hamster	hámster
кролик	rabbit	Kaninchen	conejo
енот	raccoon	Waschbär	mapache
зебра	zebra	Zebra	cebra
жираф	giraffe	Giraffe	jirafa
слон	elephant	Elefant	elefante
носорог	rhino	Nashorn	rinoceronte
верблюд	camel	Kamel	camello
лошадь	horse	Pferd	caballo
корова	cow	Kuh	vaca
поросёнок	piglet	Ferkel	cerdito
лягушка	frog	Frosch	rana
обезьянка	monkey	Affe	mono
горилла	gorilla	Gorilla	gorila
курица	chicken	Huhn	gallina
пингвин	penguin	Pinguin	pingüino
птица	bird	Vogel	ave
сова	owl	Eule	búho
утка	duck	Ente	pato
орёл	eagle	Adler	águila
пчела	bee	Biene	abeja
бабочка	butterfly	Schmetterling	mariposa
черепаха	turtle	Schildkröte	tortuga
дельфин	dolphin	Delfin	delfín
кит	whale	Wal	ballena
большой кит	great whale	großer Wal	gran ballena
акула	shark	Hai	tiburón
осьминог	octopus	Oktopus	pulpo
краб	crab	Krabbe	cangrejo
омар	lobster	Hummer	langosta
креветка	shrimp	Garnele	gamba
змея	snake	Schlange	serpiente
ящерица	lizard	Eidechse	lagarto
крокодил	crocodile	Krokodil	cocodrilo
попугай	parrot	Papagei	loro
павлин	peacock	Pfau	pavo real
лебедь	swan	Schwan	cisne
бегемот	hippo	Nilpferd	hipopótamo
рыба	fish	Fisch	pez
тропическая рыба	tropical fish	Tropenfisch	pez tropical
рыба-шар	pufferfish	Kugelfisch	pez globo
кальмар	squid	Kalmar	calamar
ёж	hedgehog	Igel	erizo
кенгуру	kangaroo	Känguru	canguro
тюлень	seal	Robbe	foca
выдра	otter	Otter	nutria
голубь мира	dove of peace	Friedenstaube	paloma de la paz
радуга	rainbow	Regenbogen	arcoíris
ракушка	seashell	Muschel	concha
Заводь папируса	Papyrus Backwater	Papyrusbucht	Remanso de papiro
Тихая вода, густой тростник	Calm water, dense reeds	Ruhiges Wasser, dichtes Schilf	Agua tranquila, juncos densos
Открытый Нил	Open Nile	Offener Nil	Nilo abierto
Полдень над широкой водой	Noon over wide waters	Mittag über weitem Wasser	Mediodía sobre aguas amplias
Пороги Нила	Nile Rapids	Nil-Stromschnellen	Rápidos del Nilo
Течение рвётся между камней	The current rushes between rocks	Die Strömung rast zwischen Felsen	La corriente corre entre rocas
Ночная переправа	Night Crossing	Nächtliche Überfahrt	Travesía nocturna
Только луна и огни на берегу	Only the moon and shore lights	Nur Mond und Uferlichter	Solo la luna y luces de la orilla
Рассвет над дельтой	Dawn over the Delta	Morgendämmerung im Delta	Amanecer en el delta
Река выносит корзинку к людям	The river carries the basket toward people	Der Fluss trägt das Körbchen zu den Menschen	El río lleva la cesta hacia la gente
Корзинка ударилась о камень посреди течения.	The basket struck a rock in the current.	Das Körbchen stieß gegen einen Felsen.	La cesta chocó con una roca en la corriente.
Течение вынесло корзинку прямо на бревно.	The current swept the basket into a log.	Die Strömung trieb das Körbchen gegen einen Baumstamm.	La corriente llevó la cesta contra un tronco.
Крокодил преградил путь по реке.	A crocodile blocked the river path.	Ein Krokodil versperrte den Flussweg.	Un cocodrilo bloqueó el paso.
Корзинка запуталась в нависших зарослях папируса.	The basket tangled in hanging papyrus.	Das Körbchen verfing sich im hängenden Papyrus.	La cesta se enredó en el papiro colgante.
Водоворот затянул корзинку под воду.	A whirlpool pulled the basket underwater.	Ein Strudel zog das Körbchen unter Wasser.	Un remolino arrastró la cesta bajo el agua.
Бегемот поднялся из воды прямо перед корзинкой.	A hippo surfaced right in front of the basket.	Ein Nilpferd tauchte direkt vor dem Körbchen auf.	Un hipopótamo emergió justo delante de la cesta.
Корзинка врезалась в борт рыбацкой лодки.	The basket hit the side of a fishing boat.	Das Körbchen stieß gegen ein Fischerboot.	La cesta chocó contra un barco de pesca.
Ведите корзинку	Guide the basket	Lenke das Körbchen	Guía la cesta
Три дорожки на реке. Меняйте дорожку кнопками, стрелками или свайпом. Свайп вверх поднимает корзинку на волне — через бревно; свайп вниз топит её — под нависшим папирусом.	There are three lanes. Change lanes with buttons, arrows or swipes. Swipe up to ride a wave over logs; down to dive under papyrus.	Es gibt drei Spuren. Wechsle per Schaltfläche, Pfeiltaste oder Wischen. Wische nach oben über Baumstämme und nach unten unter Papyrus.	Hay tres carriles. Cambia con botones, flechas o deslizando. Desliza arriba para saltar troncos con una ola y abajo para bucear bajo el papiro.
Лотосы	Lotuses	Lotusblüten	Lotos
Главная добыча. Каждый цветок наращивает комбо и множитель очков — собранные подряд стоят дороже, чем поодиночке.	Your main collectible. Each flower increases your combo and score multiplier; streaks are worth more.	Dein wichtigstes Sammelobjekt. Jede Blüte erhöht Kombo und Punktemultiplikator; Serien sind mehr wert.	Tu principal premio. Cada flor aumenta el combo y el multiplicador; las rachas valen más.
очков за цветок, умножается на комбо	points per flower, multiplied by combo	Punkte pro Blüte, multipliziert mit der Kombo	puntos por flor, multiplicados por el combo
Пузырь обволакивает корзинку. Один удар — камень, крокодил, борт ладьи — пройдёт мимо, и путь продолжится без потери сердца.	A bubble surrounds the basket and blocks one hit from a rock, crocodile or boat without losing a heart.	Eine Blase umgibt das Körbchen und blockiert einen Treffer durch Felsen, Krokodil oder Boot ohne Herzverlust.	Una burbuja rodea la cesta y bloquea un golpe de roca, cocodrilo o barco sin perder un corazón.
Держится	Lasts	Dauert	Dura
гасит один удар	blocks one hit	blockiert einen Treffer	bloquea un golpe
Корзинку окружает золотое сияние, и лотосы сами сворачивают к ней с соседних дорожек. Комбо при этом почти не рвётся.	A golden glow attracts lotuses from nearby lanes and helps maintain your combo.	Ein goldener Schein zieht Lotusblüten aus Nachbarspuren an und hält deine Kombo aufrecht.	Un resplandor dorado atrae lotos de carriles vecinos y mantiene tu combo.
лотосы идут в руки	lotuses come to you	Lotusblüten kommen zu dir	los lotos vienen hacia ti
Течение подхватывает корзинку и несёт вперёд. Метры набегают быстрее, но и препятствия подходят быстрее — смотрите на дорожку вперёд.	The current speeds up the basket. Distance grows faster, but obstacles approach faster too: watch ahead.	Die Strömung beschleunigt das Körbchen. Die Strecke wächst schneller, aber Hindernisse kommen näher: Schau voraus.	La corriente acelera la cesta. Avanzas más, pero los obstáculos llegan antes: mira hacia delante.
скорость	speed	Geschwindigkeit	velocidad
Возвращает потерянное сердце. Если все три на месте, милость обращается в очки — подбирать её всё равно стоит.	Restores a lost heart. With all three hearts full, it gives points instead.	Stellt ein verlorenes Herz wieder her. Bei drei vollen Herzen gibt es stattdessen Punkte.	Recupera un corazón. Si ya tienes los tres, da puntos en su lugar.
сердце (до	heart (up to	Herz (bis	corazón (hasta
иначе +120 очков	otherwise +120 points	sonst +120 Punkte	si no, +120 puntos
ПОДНИМАЕМ ПАРУС…	RAISING THE SAIL…	SEGEL WERDEN GESETZT…	IZANDO LA VELA…
ЗАГРУЖАЕМ МОДЕЛИ…	LOADING MODELS…	MODELLE WERDEN GELADEN…	CARGANDO MODELOS…
СОБИРАЕМ РУСЛО…	BUILDING THE RIVER…	FLUSSBETT ENTSTEHT…	CREANDO EL CAUCE…
ГРУЗИМ ТЕКСТУРЫ…	LOADING TEXTURES…	TEXTUREN WERDEN GELADEN…	CARGANDO TEXTURAS…
ГОТОВИМ ПРЕПЯТСТВИЯ…	PREPARING OBSTACLES…	HINDERNISSE WERDEN VORBEREITET…	PREPARANDO OBSTÁCULOS…
ПРОГРЕВАЕМ ШЕЙДЕРЫ…	WARMING UP SHADERS…	SHADER WERDEN VORBEREITET…	PREPARANDO SOMBREADORES…
карты	cards	Karten	cartas
нет. Предыдущий ход завершён.	not found. Previous turn ended.	nicht vorhanden. Vorheriger Zug beendet.	no está. El turno anterior terminó.
не успел сделать ход. Очередь переключена.	ran out of time. Turn passed on.	hat die Zeit überschritten. Nächster Spieler ist dran.	no jugó a tiempo. El turno ha pasado.
Партия началась. Первый ход уже активен.	Game started. The first turn is active.	Partie gestartet. Der erste Zug ist aktiv.	Partida iniciada. El primer turno está activo.
Библейский Квартет	Bible Quartet	Bibelquartett	Cuarteto bíblico
локация	location	Ort	lugar
Язык приложения	App language	App-Sprache	Idioma de la aplicación
Добро пожаловать!	Welcome!	Willkommen!	¡Bienvenido!
Играй вместе с друзьями и открывай Библию по-новому.	Play with friends and discover the Bible in a new way.	Spiele mit Freunden und entdecke die Bibel auf neue Weise.	Juega con amigos y descubre la Biblia de una forma nueva.
Выберите игру и начните партию. Язык можно изменить в главном меню в любой момент.	Choose a game and start playing. You can change the language in the main menu anytime.	Wähle ein Spiel und leg los. Die Sprache kannst du jederzeit im Hauptmenü ändern.	Elige un juego y empieza a jugar. Puedes cambiar el idioma en el menú principal cuando quieras.
Мини-игры для компании	Mini-games for groups	Minispiele für Gruppen	Minijuegos para grupos
Выберите игру и начните партию	Choose a game and start playing	Wähle ein Spiel und leg los	Elige un juego y empieza a jugar
Игры для компании	Party games	Gesellschaftsspiele	Juegos en grupo
Словесные	Word games	Wortspiele	Juegos de palabras
Детям	For children	Für Kinder	Para niños
Запуск Библейских игр	Starting Bible Games	Bibelspiele starten	Iniciando Juegos bíblicos
Игровой мир	Game world	Spielwelt	Mundo de juegos
Открываем игровой мир…	Opening your game world…	Deine Spielwelt öffnet sich…	Abriendo tu mundo de juegos…
Запускаем игры…	Starting games…	Spiele starten…	Iniciando juegos…
Доступ ограничен	Access restricted	Zugriff eingeschränkt	Acceso restringido
Обжаловать блокировку можно через техническую поддержку.	Contact support to appeal a block.	Kontaktiere den Support, um eine Sperre anzufechten.	Contacta con soporte para recurrir un bloqueo.
Библейские мини-игры для компании, друзей и семьи	Bible mini-games for groups, friends and family	Biblische Minispiele für Gruppen, Freunde und Familie	Minijuegos bíblicos para grupos, amigos y familia
Повторить запуск	Retry startup	Start wiederholen	Reintentar inicio
Победа соглядатаев	Spies win	Die Spione gewinnen	Ganan los espías
Победа соглядатая	The spy wins	Der Spion gewinnt	Gana el espía
Соглядатаи раскрыты	Spies revealed	Spione enttarnt	Espías descubiertos
Соглядатай раскрыт	Spy revealed	Spion enttarnt	Espía descubierto
и попал	correctly	richtig	correctamente
и промахнулся	incorrectly	falsch	incorrectamente
Библейские игры — установка	Bible Games — installation	Bibelspiele — Installation	Juegos bíblicos — instalación
Как поставить «Библейские игры» на главный экран	Add Bible Games to the home screen on	Bibelspiele zum Home-Bildschirm hinzufügen auf	Añadir Juegos bíblicos a la pantalla de inicio de
Значок приложения «Библейские игры»	Bible Games app icon	App-Symbol für Bibelspiele	Icono de Juegos bíblicos
Библейские игры на главном экране	Bible Games on your home screen	Bibelspiele auf deinem Home-Bildschirm	Juegos bíblicos en tu pantalla de inicio
Значок как у обычного приложения, полный экран и игра без интернета.	An app icon, a full-screen view and offline play.	App-Symbol, Vollbildansicht und Spielen ohne Internet.	Un icono de aplicación, pantalla completa y juego sin conexión.
Эта страница открыта не в	This page is not open in	Diese Seite ist nicht geöffnet in	Esta página no está abierta en
Ярлык на главный экран умеет создавать только он	Only Safari can add the home-screen shortcut	Nur Safari kann das Symbol zum Home-Bildschirm hinzufügen	Solo Safari puede añadir el acceso directo a la pantalla de inicio
откройте адрес этой страницы в	open this page in	öffne diese Seite in	abre esta página en
и вернитесь сюда.	and return here.	und kehre hierher zurück.	y vuelve aquí.
Четыре шага	Four steps	Vier Schritte	Cuatro pasos
В открывшемся списке нажмите	In the menu, tap	Tippe im Menü auf	En el menú, toca
она в верхнем ряду списка.	it is in the top row.	die Schaltfläche steht in der obersten Reihe.	está en la fila superior.
Пролистайте список вниз и выберите	Scroll down and select	Scrolle nach unten und wähle	Desplázate hacia abajo y selecciona
значок появится рядом с остальными приложениями.	the icon will appear beside your other apps.	das Symbol erscheint neben deinen anderen Apps.	el icono aparecerá junto a tus otras aplicaciones.
После установки откройте каждую игру по разу: правила и уровни сохраняются сразу,	After installing, open each game once. Rules and levels are saved immediately;	Öffne nach der Installation jedes Spiel einmal. Regeln und Level werden sofort gespeichert;	Tras instalar, abre cada juego una vez. Las reglas y niveles se guardan enseguida;
а рисунки — когда вы их однажды увидите. Дальше игра пойдёт без интернета.	images are saved when first viewed. You can then play offline.	Bilder werden beim ersten Anzeigen gespeichert. Danach kannst du ohne Internet spielen.	las imágenes se guardan al verlas por primera vez. Después podrás jugar sin conexión.
Чтобы звёзды и уровни совпали с	To sync stars and levels with	Um Sterne und Level abzugleichen mit	Para sincronizar estrellas y niveles con
по коду из бота — карточка «Профиль» в разделе «Ещё».	using a code from the bot: open Profile under More.	mit einem Code vom Bot: Öffne Profil unter Mehr.	con un código del bot: abre Perfil en Más.
Ведите закрытую корзинку по течению: меняйте дорожку, поднимайтесь на волне, ныряйте под заросли и собирайте лотосы.	Guide the sealed basket downstream: switch lanes, ride the wave, dive under the reeds and collect lotuses.	Führe das verschlossene Körbchen mit der Strömung: wechsle die Bahn, reite die Welle, tauche unter das Dickicht und sammle Lotusblüten.	Guía la cesta cerrada corriente abajo: cambia de carril, súbete a la ola, bucea bajo los juncos y recoge lotos.
волна: через бревно	wave: over the log	Welle: über den Baumstamm	ola: sobre el tronco
ГОТОВИМ ПУТЬ ПО НИЛУ…	PREPARING THE JOURNEY DOWN THE NILE…	DER WEG ÜBER DEN NIL WIRD VORBEREITET…	PREPARANDO EL VIAJE POR EL NILO…
Готовим реку	Preparing the river	Der Fluss wird vorbereitet	Preparando el río
Двигаться влево	Move left	Nach links bewegen	Mover a la izquierda
Двигаться вправо	Move right	Nach rechts bewegen	Mover a la derecha
Дистанция	Distance	Distanz	Distancia
дорожка	lane	Bahn	carril
ЗАВЕРШИТЬ ЗАПЛЫВ	END THE RUN	FAHRT BEENDEN	TERMINAR LA TRAVESÍA
Запас сердец	Hearts left	Verbleibende Herzen	Corazones restantes
Игровая сцена Нила	Nile game scene	Nil-Spielszene	Escena de juego del Nilo
Как пройти по реке	How to travel the river	So meisterst du den Fluss	Cómo recorrer el río
Кнопки, стрелки клавиатуры или свайп в любую сторону	Buttons, arrow keys or a swipe in any direction	Tasten, Pfeiltasten oder Wischen in jede Richtung	Botones, flechas del teclado o deslizar en cualquier dirección
Корзинка столкнулась с опасностью реки.	The basket ran into a danger of the river.	Das Körbchen traf auf eine Gefahr des Flusses.	La cesta chocó con un peligro del río.
Лучший результат: 0	Best score: 0	Bestwert: 0	Mejor resultado: 0
Моисей на Ниле	Moses on the Nile	Mose auf dem Nil	Moisés en el Nilo
Небо над Нилом в песчаной буре	Sky over the Nile in a sandstorm	Himmel über dem Nil im Sandsturm	Cielo sobre el Nilo en una tormenta de arena
нырок	dive	Tauchen	buceo
Нырок под препятствие	Dive under an obstacle	Unter ein Hindernis tauchen	Bucear bajo un obstáculo
нырок: под папирус	dive: under the papyrus	Tauchen: unter den Papyrus	buceo: bajo el papiro
Облегчённая игровая сцена Нила	Lightweight Nile game scene	Vereinfachte Nil-Spielszene	Escena de juego del Nilo simplificada
Открыть обучение	Open the tutorial	Tutorial öffnen	Abrir el tutorial
отплыть	set off	ablegen	zarpar
пропустить обучение	skip the tutorial	Tutorial überspringen	saltar el tutorial
Прыжок на волне	Jump on the wave	Sprung auf der Welle	Salto en la ola
Путешествие окончено	The journey is over	Die Reise ist zu Ende	El viaje ha terminado
Путь начинается	The journey begins	Der Weg beginnt	El viaje comienza
Путь прерван	The journey was cut short	Der Weg wurde unterbrochen	El viaje se ha interrumpido
Река подождёт. Продолжайте, когда будете готовы.	The river will wait. Continue when you are ready.	Der Fluss wartet. Mach weiter, wenn du bereit bist.	El río esperará. Continúa cuando estés listo.
смена дорожки	lane change	Bahnwechsel	cambio de carril
Течение остановлено	The current is paused	Die Strömung ist angehalten	La corriente está detenida
Три дорожки, волна и нырок.	Three lanes, a wave and a dive.	Drei Bahnen, eine Welle und ein Tauchgang.	Tres carriles, una ola y un buceo.
три сердца на путь	three hearts for the journey	drei Herzen für den Weg	tres corazones para el viaje
Все пройденные уровни всех игр будут забыты. Звёзды останутся.	All completed levels in every game will be forgotten. The stars stay.	Alle abgeschlossenen Level aller Spiele werden vergessen. Die Sterne bleiben.	Todos los niveles completados de todos los juegos se olvidarán. Las estrellas se quedan.
пройденные уровни	completed levels	abgeschlossene Level	niveles completados
Сброс убирает	The reset removes	Das Zurücksetzen entfernt	El reinicio elimina
Сброшено	Reset	Zurückgesetzt	Reiniciado
Пройденные уровни забудутся, звёзды останутся.	Completed levels will be forgotten, the stars stay.	Abgeschlossene Level werden vergessen, die Sterne bleiben.	Los niveles completados se olvidarán, las estrellas se quedan.
Сброс убирает пройденные уровни, а звёзды оставляет.	The reset removes completed levels and keeps the stars.	Das Zurücksetzen entfernt abgeschlossene Level und behält die Sterne.	El reinicio elimina los niveles completados y conserva las estrellas.
После входа звёзды и уровни будут те же, что в	After signing in your stars and levels will be the same as in	Nach der Anmeldung sind Sterne und Level dieselben wie in	Tras iniciar sesión, las estrellas y los niveles serán los mismos que en
Профиль, правила, поддержка и установка	Profile, rules, support and install	Profil, Regeln, Support und Installation	Perfil, reglas, soporte e instalación
Перевод сделан нейросетью и местами может быть неточным.	This translation was made by a neural network and may be inaccurate in places.	Diese Übersetzung stammt von einem neuronalen Netz und kann stellenweise ungenau sein.	Esta traducción la hizo una red neuronal y en algunos puntos puede ser imprecisa.
Канал обновлений	Updates channel	Update-Kanal	Canal de novedades
Что нового, что починили и что впереди — коротко и по делу.	What is new, what got fixed and what is coming — short and to the point.	Was neu ist, was repariert wurde und was ansteht — kurz und sachlich.	Qué hay de nuevo, qué se arregló y qué viene — breve y al grano.
Подписаться	Subscribe	Abonnieren	Suscribirse
